course_id,course_code,course_name,college_id
0,ANT306,Analysis of Archaeological Materials,
1,ANT308,Environmental Archaeology,
2,ANT315,"Ethnography: Methods, Ethics, and Practice",
3,ANT320,Anthropology & the Museum,
4,ANT350,International Development,
5,ANT360,Public Archaeology,
6,ANT380,African American Historical Archaeology,
7,ANT395,Topics in Anthropology,
8,ANT410,"Japan: Archaeology, Environmental History and Multicultural Perspectives",
9,ANT495,Topics in Anthropology,
10,ANT508,Environmental Archaeology,
11,ANT515,"Ethnography: Methods, Ethics, and Practice",
12,ANT560,Public Archaeology,
13,ARA101,Beginning Arabic I,
14,ARA102,Beginning Arabic II,
15,ARA150,Language Table,
16,ARA201,Intermediate Arabic I,
17,ARA202,Intermediate Arabic II,
18,ART124,Cre8: The Art of Creativity,
19,ART141,"Surface, Space, Time (2D)",
20,ART142,"Surface, Space, Time (3D)",
21,ART151,Fundamentals of Perceptual Drawing,
22,ART170,The Power of Amateur Photography,
23,ART222,Digital Art & Design,
24,ART231,Introduction to Ceramics I,
25,ART232,Introduction to Ceramics II,
26,ART241,Introduction to The Visual Book,
27,ART251,Drawing: Media and Strategies,
28,ART261,Introduction to Painting,
29,ART271,Photography: Analog to Digital,
30,ART281,Introduction to Printmaking: Intaglio and Relief,
31,ART282,Introduction to Printmaking: Lithography and Screen Printing,
32,ART291,Sculpture: Additive and Subtractive Processes,
33,ART292,Sculpture: Altered and Constructed Processes,
34,ART312,Topics in Studio Art,
35,ART321,Exploring Time-Based Art & Design,
36,ART332,Intermediate Ceramics,
37,ART341,The Visual Book II: Historical Influences on Contemporary Artists’ Books,
38,ART342,Book Arts Summer Workshop,
39,ART352,Experimental Drawing,
40,ART361,Intermediate Drawing and Painting: The Figure,
41,ART372,Digital Photography,
42,ART382,Experimental Printmaking,
43,ART393,Topics in Sculpture,
44,ART400,Internship in the Visual Arts,
45,ART401,Senior Seminar in Studio Art,
46,ART407,Advanced Problems in Art,
47,ART408,Independent Study in Art,
48,ART412,Topics in Studio Art,
49,ART431,Advanced Ceramics I,
50,ART432,Advanced Ceramics II,
51,ART441,Advanced Studio in Book Arts,
52,ART461,Advanced Drawing and Painting I,
53,ART462,Advanced Drawing and Painting II,
54,ART471,Advanced Studio in Photography and Digital Art I,
55,ART472,Advanced Studio in Photography and Digital Art II,
56,ART481,Advanced Printmaking I,
57,ART482,Advanced Printmaking II,
58,ART491,Advanced Sculpture,
59,ART492,Advanced Sculpture,
60,AED221,Practicum in Art Education,
61,AED222,Art Lab,
62,AED321,Principles and Procedures in Art Education,
63,AED324,Student Teaching,
64,AED400,Community Art Education Internship (CAED),
65,AED407,Advanced Problems in Art Education,
66,AED421,Seminar in Art Education,
67,AED428,Independent Study in Art Education,
68,ARH111,Art History: Prehistoric through Medieval,
69,ARH112,Art History: Renaissance to the Present,
70,ARH310,Art History: Cross-Cultural Perspectives,
71,ARH311,Gender Identity and Modern Art,
72,ARH312,Art as Social Action,
73,ARH318,History of Photography,
74,ARH321,Classical Art,
75,ARH322,Medieval Art,
76,ARH323,Renaissance Art,
77,ARH325,American Art,
78,ARH326,Nineteenth-Century European Art,
79,ARH327,Modern Art,
80,ARH328,Contemporary Art,
81,ARH329,Asian Art,
82,ARH410,Seminar in Art History,
83,ARH412,Topics in Art History,
84,ARH418,Independent Study in Art History,
85,AST100,Astronomy,
86,AST103,Exercises and Experiments in Astronomy,
87,BIO101,Biological Foundations,
88,BIO102,Biological Experiences,
89,BIO103,Introduction to Marine Biology,
90,BIO104,Marine Biology Laboratory,
91,BIO105,Biological Principles I: Cellular Biology,
92,BIO106,Laboratory Biology,
93,BIO107,"Biological Principles II: Evolution, Biodiversity, and Ecology",
94,BIO109,Biological Principles III: Functional Biology,
95,BIO111,Human Anatomy and Physiology I,
96,BIO112,Practical Human Anatomy and Physiology I,
97,BIO113,Human Anatomy and Physiology II,
98,BIO114,Practical Human Anatomy and Physiology II,
99,BIO201,Genetics,
100,BIO203,Ecology,
101,BIO217,Evolution,
102,BIO221,Human Anatomy and Physiology for Biology Majors I,
103,BIO223,Human Anatomy and Physiology for Biology Majors II,
104,BIO231,Botany,
105,BIO281,Microbiology for Health Sciences,
106,BIO282,Microbiology Laboratory,
107,BIO291,Ornithology,
108,BIO305,Developmental Biology,
109,BIO306,Developmental Biology Laboratory,
110,BIO309,Comparative Vertebrate Anatomy,
111,BIO311,Microbiology,
112,BIO321,Neurobiology,
113,BIO322,Neurobiology Laboratory,
114,BIO335,Entomology,
115,BIO337,Marine Ecology,
116,BIO345,Pathophysiology,
117,BIO351,Invertebrate Zoology,
118,BIO353,Vertebrate Zoology,
119,BIO361,Parasitology,
120,BIO362,Parasitology Laboratory,
121,BIO383,Plant Ecology,
122,BIO401,Animal Physiology,
123,BIO402,Animal Physiology Laboratory,
124,BIO405,Animal Behavior,
125,BIO406,Animal Behavior Laboratory,
126,BIO407,Environmental Modulation of Developmental Mechanisms,
127,BIO409,Cell and Molecular Biology,
128,BIO410,Cell and Molecular Biology Laboratory,
129,BIO413,Applied Biostatistics,
130,BIO415,Microbial Ecology,
131,BIO416,Microbial Ecology Lab,
132,BIO417,Issues in Evolution,
133,BIO419,Human Evolution,
134,BIO421,Biology Seminar,
135,BIO423,Topics in Genetics,
136,BIO431,Principles of Immunology,
137,BIO432,Immunology Laboratory,
138,BIO441,Problems in Biology (Independent Studies),
139,BIO442,Honors Thesis in Biology,
140,BIO443,Internship,
141,BUS188,Introductory ICE Topics,
142,BUS200,Introduction to Business,
143,BUS203,Career Planning and Development,
144,BUS210,Managing Sport for Society,
145,BUS241,Applied Business Modeling,
146,BUS260,Marketing,
147,BUS280,Legal Environment of Business,
148,BUS284,Enactus Project,
149,BUS295,Internship in Business Administration,
150,BUS300,Entrepreneurial Thinking,
151,BUS301,Business Analytics,
152,BUS311,Sport Marketing,
153,BUS312,Sport Law,
154,BUS314,Sport Media & Communication,
155,BUS315,Revenue Generation in Sport,
156,BUS316,Sport Event & Facility Management,
157,BUS318,Sport Governance & Policy,
158,BUS319,Sport Tourism,
159,BUS321,Independent Projects in Marketing,
160,BUS322,Sport Consumer Behavior,
161,BUS334,Introduction to Organizational Change,
162,BUS335,International Business,
163,BUS336,Approved International Experience,
164,BUS337,Approved International Business Experience,
165,BUS338,Strategic Management of Technology & Innovation,
166,BUS339,Business Ethics,
167,BUS340,Managing Organizational Behavior,
168,BUS341,New Product Development,
169,BUS342,Leadership,
170,BUS343,Management Skills,
171,BUS344,Business Negotiation,
172,BUS345,Technology Management,
173,BUS346,Strategic Human Resource Management,
174,BUS347,Triple-Bottom-Line Business,
175,BUS348,Sustainable Business Practicum,
176,BUS351,Cross-Cultural Management,
177,BUS356,Digital Marketing,
178,BUS358,E-Commerce,
179,BUS359,Social Media Marketing,
180,BUS360,Marketing Strategy,
181,BUS361,International Marketing,
182,BUS362,Market Opportunity Analysis,
183,BUS363,Branding and Advertising,
184,BUS364,Professional Selling,
185,BUS365,Consumer Behavior,
186,BUS366,Sales Management,
187,BUS367,Marketing Management,
188,BUS369,Marketing Research,
189,BUS372,Supply Chain Management,
190,BUS373,Project Management,
191,BUS374,Purchasing and Procurement,
192,BUS375,Production/Operations Management,
193,BUS376,Advanced Topics in Strategy,
194,BUS377,Information Visualization,
195,BUS378,Sport Management Practicum,
196,BUS380,Advanced Legal Issues in Business,
197,BUS382,International Business Law,
198,BUS383,Social Entrepreneurship,
199,BUS384,Enactus Project Leadership,
200,BUS385,Entrepreneurship and Venture Creation,
201,BUS386,Creative Strategies for Entrepreneurs,
202,BUS387,Design Thinking,
203,BUS388,Launching a Global Social Enterprise,
204,BUS389,Self-directed Innovation Project,
205,BUS390,"Internship in Innovation, Creativity and Entrepreneurship",
206,BUS391,Internship in Sustainable Business,
207,BUS392,Internship in Marketing,
208,BUS394,Internship in International Business,
209,BUS395,Internship I,
210,BUS396,Internship II,
211,BUS397,Internship in Sport Management/Advance Field Experience,
212,BUS398,Professional Selling Practicum,
213,BUS399,Special Topics in Business,
214,BUS450,Business Policy and Strategy,
215,BUS485,Managing the Growing Entrepreneurial Venture,
216,BUS490,Independent Study,
217,BAN300,Foundations of Data Management,
218,BAN340,Data Mining for Business Analysts,
219,BAN350,Data Visualization,
220,BAN395,Internship in Business Analytics,
221,CHY107,Chemistry for Health Sciences,
222,CHY113,Principles of Chemistry I,
223,CHY114,Laboratory Techniques I,
224,CHY115,Principles of Chemistry II,
225,CHY116,Laboratory Techniques II,
226,CHY233,Analytical Chemistry with Lab,
227,CHY251,Organic Chemistry I,
228,CHY252,Organic Chemistry Laboratory I,
229,CHY253,Organic Chemistry II,
230,CHY254,Organic Chemistry Laboratory II,
231,CHY345,Polymer Chemistry,
232,CHY371,Quantum Chemistry,
233,CHY373,Chemical Thermodynamics,
234,CHY374,Chemical Thermodynamics Laboratory,
235,CHY377,Spectroscopy,
236,CHY378,Instrumental Analysis Laboratory,
237,CHY385,Pickles to Pints: Fermentation Science,
238,CHY410,Special Topics,
239,CHY411,Special Topics,
240,CHY412,Special Topics,
241,CHY413,Special Topics,
242,CHY414,Special Topics,
243,CHY415,Special Topics,
244,CHY416,Special Topics,
245,CHY417,Special Topics,
246,CHY418,Special Topics,
247,CHY419,Special Topics,
248,CHY421,Inorganic Chemistry,
249,CHY461,Biochemistry I,
250,CHY462,Biochemistry Laboratory I,
251,CHY463,Biochemistry II,
252,CHY470,Chemistry in Perspective,
253,CHY490,Senior Research Project,
254,CHI101,Beginning Chinese I,
255,CHI102,Beginning Chinese II,
256,CHI150,Language Table,
257,CHI201,Intermediate Chinese I,
258,CHI202,Intermediate Chinese II,
259,CON252,Human Nutrition,
260,CMS102,Introduction to Communication,
261,CMS103,Introduction to Media Studies,
262,CMS150,The Writing Process,
263,CMS190,Nonverbal Communication,
264,CMS200,Research Methods in Communication,
265,CMS201,Introduction to Public Relations,
266,CMS202,Writing for Popular Print Media,
267,CMS203,Introduction to Video Production,
268,CMS204,Introduction to Video Production Lab,
269,CMS205,Topics in Media Writing I,
270,CMS210,Topics in Media Criticism I,
271,CMS215,Journalism Reporting and Writing,
272,CMS220,Topics in Media Production I,
273,CMS222,Digital Radio & Audio Production,
274,CMS223,Communication Law,
275,CMS225,Screenwriting,
276,CMS235,Communicating Security,
277,CMS242,Communication and Social Media,
278,CMS255,Business and Professional Communication,
279,CMS265,Intrapersonal Communication,
280,CMS272,Persuasion,
281,CMS274,Writing for the Media,
282,CMS284,Introduction to Cinema Studies,
283,CMS286,History of International Cinema to 1945,
284,CMS288,History of International Cinema Since 1945,
285,CMS290,Intercultural Communication,
286,CMS294,Visual Communication,
287,CMS298,Topics in Communication I,
288,CMS300,Topics in Media Writing II,
289,CMS301,Public Relations: Cases and Campaigns,
290,CMS302,Writing the Feature Story,
291,CMS303,Media Effects,
292,CMS305,Writing Opinion: Editorials and Columns,
293,CMS306,Managing Media Relations,
294,CMS310,Topics in Media Criticism II,
295,CMS315,Broadcast Newswriting,
296,CMS320,Topics in Media Production II,
297,CMS322,Digital Audio Storytelling,
298,CMS323,Understanding Technology,
299,CMS324,Photojournalism,
300,CMS326,Special Effects and Animation,
301,CMS330,Interpersonal Communication,
302,CMS332,Communication in the Family,
303,CMS335,Public Relations: Special Topics,
304,CMS340,Narrative Filmmaking,
305,CMS341,Narrative Filmmaking Lab,
306,CMS345,Small Group Communication,
307,CMS350,The Internet in Society,
308,CMS360,Ethical Dilemmas in the Digital Age,
309,CMS374,Media Criticism and Aesthetics,
310,CMS375,Meaning and Communication,
311,CMS380,Film Genres,
312,CMS384,Topics in Cinema Studies,
313,CMS390,Organizational Communication,
314,CMS393,Internships in Media Studies,
315,CMS398,Topics in Communication II,
316,CMS400,Senior Project Workshop,
317,CMS401,Launching into Life After College,
318,CMS423,The First Amendment,
319,CMS430,Communication Internship,
320,CMS440,Advanced Narrative Filmmaking,
321,CMS441,Advanced Narrative Filmmaking Lab,
322,CMS450,Service Learning Practicum,
323,CMS460,Topics in Media Production III,
324,CMS480,Gender Communication,
325,CMS485,Senior Seminar in Media Studies,
326,CMS491,Independent Study,
327,CMS493,Advanced Internship and Professional Portfolio in Media Studies,
328,CMS495,Communication Capstone,
329,CMS497,On Bullshit,
330,CMS498,Topics in Communication III,
331,COS160,Structured Problem Solving Java,
332,COS161,Algorithms in Programming,
333,COS170,Structured Programming Laboratory,
334,COS184,Python Programming,
335,COS246,Programming Topics,
336,COS250,Computer Organization,
337,COS255,Computer Organization Laboratory,
338,COS280,Discrete Mathematics II,
339,COS285,Data Structures,
340,COS350,Systems Programming,
341,COS360,Programming Languages,
342,COS368,Graphical User Interface Design,
343,COS374,Numerical Analysis,
344,COS375,Web Applications Development,
345,COS389,Programming Autonomous Robots,
346,COS398,Professional Ethics and Social Impact of Computing,
347,COS420,Object-Oriented Design,
348,COS422,Computing for Data Science,
349,COS425,Mobile Development,
350,COS427,Computational Text Analytics,
351,COS430,Software Engineering,
352,COS432,Deep Learning,
353,COS444,Software Project Management,
354,COS450,Operating Systems,
355,COS452,Computer Graphics,
356,COS457,Database Systems,
357,COS460,Computer Networks,
358,COS465,Distributed Systems,
359,COS469,Compiler Construction,
360,COS470,Topics in Computer Science,
361,COS472,Artificial Intelligence and Data Mining,
362,COS475,Machine Learning,
363,COS485,Design and Analysis of Computing Algorithms,
364,COS497,Independent Study in Computer Science,
365,COS498,Computer Science Internship,
366,COR101,Co-Curricular Learning Lab,
367,COR301,Thoughtful Giving: Philanthropy and American Culture,
368,COR400,Launching into Life After College,
369,CRM100,Introduction to Criminology,
370,CRM216,White-Collar Crime,
371,CRM217,Crime in Maine,
372,CRM220,Research Methods in Criminology,
373,CRM225,Crimes Against the Environment,
374,CRM230,Introduction to the Criminal Justice System,
375,CRM310,Classical Theories of Social Order,
376,CRM317,Gender and Crime,
377,CRM320,Film and Social Order,
378,CRM325,Domestic Violence,
379,CRM330,Crime and Social Control,
380,CRM334,Law and State,
381,CRM337,Youth Crime,
382,CRM340,Criminal Law,
383,CRM345,Criminology in Sweden,
384,CRM350,Topics in Criminology,
385,CRM365,Race and Punishment,
386,CRM375,"Media, Crime, and Criminality",
387,CRM380,Restorative Justice,
388,CRM390,Independent Projects,
389,CRM395,Internship,
390,CRM402,Senior Seminar,
391,DAN101,Contemporary Dance I,
392,DAN102,Ballet I,
393,DAN103,Jazz Dance I,
394,DAN104,Tap Dance I,
395,DAN105,Musical Theatre Styles I,
396,DAN180,Topics in Technique,
397,DAN190,Rehearsal & Production,
398,DAN201,Contemporary Dance II,
399,DAN202,Ballet II,
400,DAN203,Jazz Dance II,
401,DAN204,Tap Dance II,
402,DAN205,Musical Theatre Styles II,
403,DAN208,Dance Composition,
404,DAN209,Dance Repertory,
405,DAN266,The Art of Dance,
406,DAN280,Topics in Dance,
407,DAN305,Dance and Health,
408,DAN410,Student Dance Project,
409,ECO100,Introduction to Economics Ideas and Issues,
410,ECO101,Introduction to Macroeconomics,
411,ECO102,Introduction to Microeconomics,
412,ECO103,Critical Thinking About Economic Issues,
413,ECO120,"Lying with Graphs: Reading, Writing and Interpreting Graphs in the Social Sciences",
414,ECO220,U.S. Economic and Labor History,
415,ECO301,Intermediate Macroeconomics,
416,ECO302,Intermediate Microeconomics,
417,ECO304,Research Methods in Economics,
418,ECO305,Econometrics,
419,ECO310,Money and Banking,
420,ECO312,U.S. Economic Policy,
421,ECO315,Economic Development,
422,ECO316,Case Studies in International Development,
423,ECO321,Understanding Contemporary Capitalism,
424,ECO323,U.S. Labor and Employment Relations,
425,ECO326,Environmental Economics,
426,ECO327,Natural Resource Economics,
427,ECO333,Economics and Happiness,
428,ECO335,The Political Economy of Food,
429,ECO340,History of Economic Thought,
430,ECO370,International Economics,
431,ECO399,Special Topics in Economics,
432,ECO400,Capstone in Economics,
433,ECO450,Readings in Economics,
434,ECO490,Independent Readings and Research in Economics,
435,EDU100,Exploring Teaching as a Profession,
436,EDU222,Foundations of Language and Literacy Development,
437,EDU225,Multicultural Child and Adolescent Development,
438,EDU230,Teaching Through the Arts,
439,EDU300,Educational Media and Technology,
440,EDU305,Foundations of Cultural and Linguistic Diversity,
441,EDU310,Education and Democracy,
442,EDU323,Independent Study in Teacher Education,
443,EDU336,Children’s Literature,
444,EDU401,Secondary Science Methods for All Students Including Those of Diverse Abilities and Backgrounds,
445,EDU402,Secondary English Methods,
446,EDU403,World Language Methods for all Learners Including Those of Diverse Abilities and Backgrounds,
447,EDU404,Secondary Social Studies Methods for All Students Including Those of Diverse Abilities and Backgrounds,
448,EDU405,Elementary and Middle School Mathematics Methods for All Students Including Those of Diverse Abilities and Backgrounds,
449,EDU410,Creating Positive Learning Environments,
450,EDU414,Improving Teaching in the Content Areas through Literacy for All Students Including Those with Diverse Abilities and Backgrounds,
451,EDU442,Professional Seminar in Teaching,
452,EDU445,Internship in General Education,
453,EDU451,Elementary Social Studies Methods for All Students Including Those of Diverse Abilities and Backgrounds,
454,EDU452,Teaching Elementary Science to All Students Including Those of Diverse Abilities and Backgrounds,
455,EDU454,Secondary Mathematics Methods for All Students Including Those of Diverse Abilities and Backgrounds,
456,EDU465,"Teaching Reading for All Students in Grades K-8, Including Those with Diverse Abilities and Backgrounds",
457,EDU466,Teaching Writing for All Students Including Those with Diverse Abilities and Backgrounds.,
458,ELE172,Digital Logic,
459,ELE179,Digital Logic Laboratory,
460,ELE216,Circuits I: Steady-State Analysis,
461,ELE217,Circuits II: System Dynamics,
462,ELE219,Circuits Laboratory,
463,ELE262,Physical Electronics,
464,ELE271,Microprocessor Systems,
465,ELE314,Signals and Systems,
466,ELE323,Electromechanical Energy Conversion,
467,ELE327,Energy and Power Systems,
468,ELE342,Electronics I: Devices and Circuits,
469,ELE343,Electronics II: Electronic Design,
470,ELE351,Electromagnetic Fields,
471,ELE367,Optoelectronics,
472,ELE444,Analog Integrated Circuits and Design,
473,ELE471,Real-Time and Embedded Systems,
474,ELE483,Communications Engineering,
475,ELE486,Digital Signal Processing,
476,ELE487,Digital Image Processing,
477,ELE489,Analog and Digital Signals Laboratory,
478,ENG100,College Writing,
479,ENG101,Independent Writing,
480,ENG102,Academic Writing,
481,ENG103,A Modular Approach to the Writing Process,
482,ENG140,Reading Literature,
483,ENG145,Topics in Literature,
484,ENG201,Creative Writing,
485,ENG202,Memoir and Autobiography,
486,ENG204,Professional Writing,
487,ENG205,Sentence Style,
488,ENG220,World Masterpieces I,
489,ENG244,Introduction to Cultural Studies,
490,ENG245,Introduction to Literary Studies,
491,ENG262,Poetry,
492,ENG263,Fiction,
493,ENG264,Performance Genres,
494,ENG300,Fiction Writing,
495,ENG301,Poetry Writing,
496,ENG302,Fiction Workshop,
497,ENG303,Poetry Workshop,
498,ENG304,Advanced Memoir,
499,ENG305,"Rhetoric, Syntax, and Style",
500,ENG306,Writing the Novel,
501,ENG307,Topics in Professional Writing,
502,ENG309,Newswriting,
503,ENG310,Topics in Journalism,
504,ENG315,Ancient Literature,
505,ENG318,Autobiography,
506,ENG319,Studies in Genre and Form,
507,ENG320,Continental Literature,
508,ENG321,Modernisms,
509,ENG322,Modern Autobiography,
510,ENG324,Studies in Canadian Literature and Culture,
511,ENG325,Epic and Romance,
512,ENG326,Studies in International Literature Since 1900,
513,ENG328,Modern Novel: Themes and Methods,
514,ENG330,History of the English Language,
515,ENG334,Topics in Literacy Studies,
516,ENG337,Studies in Rhetoric,
517,ENG338,Studies in Language,
518,ENG340,History of Literary Criticism and Theory,
519,ENG341,Contemporary Critical Theories,
520,ENG342,Topics in Contemporary Theory,
521,ENG344,Sex/Gender and Sexuality,
522,ENG345,Racial Formations,
523,ENG346,"Language, Literature and the Politics of Identity in Contemporary Ireland",
524,ENG347,Topics in Cultural Studies,
525,ENG348,Topics in Interdisciplinary Studies,
526,ENG350,Medieval English Literature,
527,ENG351,Chaucer and the Medieval World,
528,ENG352,Medieval Drama,
529,ENG353,Medieval Women Writers,
530,ENG354,Studies in Medieval Literature and Culture,
531,ENG355,English Renaissance Literature and Culture,
532,ENG357,Elizabethan and Jacobean Drama,
533,ENG360,Shakespeare,
534,ENG361,Shakespeare,
535,ENG362,Studies in Shakespeare,
536,ENG363,Studies in the Renaissance,
537,ENG365,Restoration and Eighteenth-Century Literature and Culture,
538,ENG366,Studies in the Restoration and Eighteenth Century,
539,ENG367,Literature and Culture of the Early Republic,
540,ENG368,Studies in Eighteenth-Century American Literature and Culture,
541,ENG369,Emergence of the Novel,
542,ENG370,"Literature of Discovery, Exploration, and Colonialism",
543,ENG371,Romantic Writing,
544,ENG373,Studies in Romantic Literature and Culture,
545,ENG375,Nineteenth-Century British Novel,
546,ENG376,Victorian Literature and Culture,
547,ENG377,Studies in Nineteenth-Century British Literature and Culture,
548,ENG378,The Novel of Self Development,
549,ENG379,Earlier Women Writers,
550,ENG380,Early Nineteenth-Century American Literature and Culture,
551,ENG382,The Earlier American Novel,
552,ENG383,Studies in African-American Literature and Culture,
553,ENG384,Late Nineteenth-Century American Literature and Culture,
554,ENG385,Studies in Nineteenth-Century American Literature and Culture,
555,ENG387,Women Writers Since 1900,
556,ENG390,British Poetry Since 1900,
557,ENG391,American Poetry Since 1900,
558,ENG393,The American Novel Since 1900,
559,ENG394,Studies in American Literature and Culture Since 1900,
560,ENG395,Irish Literature and Culture,
561,ENG396,James Joyce,
562,ENG397,Studies in Irish Literature and Culture,
563,ENG398,Studies in British Literature and Culture Since 1900,
564,ENG400,Independent Study in Creative or Expository Writing,
565,ENG401,Creative Writing Minor Thesis,
566,ENG409,Internship in Professional Writing,
567,ENG410,Independent Study in Journalism,
568,ENG411,Seminar in Journalism,
569,ENG415,Independent Study in Ancient and Biblical Literature and Culture,
570,ENG418,Independent Study in Genre and Form,
571,ENG419,Seminar in Genre and Form,
572,ENG431,Seminar on Literacy Studies and the Teaching of Writing,
573,ENG432,Internship in the Teaching of Writing,
574,ENG440,Independent Study in Literary Criticism and Theory,
575,ENG441,Seminar in Literary Criticism and Theory,
576,ENG444,Independent Study in Interdisciplinary and Cultural Studies,
577,ENG445,Seminar in Interdisciplinary and Cultural Studies,
578,ENG450,Independent Study in Medieval Studies,
579,ENG451,Seminar in Medieval Studies,
580,ENG455,Independent Study in the Renaissance,
581,ENG456,Seminar in the Renaissance,
582,ENG465,Independent Study in the Eighteenth Century,
583,ENG466,Seminar in the Eighteenth Century,
584,ENG475,Independent Study in the Nineteenth Century,
585,ENG476,Seminar in Nineteenth-Century Studies,
586,ENG490,Independent Study in Literature Since 1900,
587,ENG491,Seminar in Literature Since 1900,
588,ESL006,Intensive Grammar,
589,ESL007,Listening and Oral Communication/US Culture,
590,ESL008,"Reading, Writing & Vocabulary",
591,ESL009,Intensive Reading and Speaking Fluency,
592,ESL016,Intensive Grammar,
593,ESL017,Listening and Oral Communication/US Culture,
594,ESL018,"Reading, Writing & Vocabulary",
595,ESL019,Intensive Reading and Speaking Fluency,
596,ESL099,"Intermediate Reading, Writing, and Vocabulary",
597,ESL100,College Writing,
598,ESL101,Admissions Pathway Program Level I: Intermediate/Advanced Grammar and Writing,
599,ESL102,Admissions Pathway Program Level II: Advanced Grammar and Writing,
600,ESL103,"Admissions Pathway Program Level I: Intermediate/ Advanced Reading, Writing, and Vocabulary",
601,ESL104,"Admissions Pathway Program Level II: Advanced Reading, Writing, and Vocabulary",
602,ESP101,Environmental Science and Sustainability,
603,ESP102,Fundamentals of Environmental Science Laboratory,
604,ESP123,Quantitative Reasoning and the Environment,
605,ESP125,Introduction to Environmental Ecology,
606,ESP126,Introduction to Environmental Ecology Laboratory,
607,ESP131,Northern Forest Canoe Trail,
608,ESP150,Environmental Science Field Immersion Session,
609,ESP197,Research Skills Lab,
610,ESP200,Environmental Planning,
611,ESP203,Environmental Communication,
612,ESP207,"Atmosphere: Science, Climate, and Change",
613,ESP220,Introduction to Environmental Policy,
614,ESP250,Soils and Land Use,
615,ESP260,Soil and Water Conservation Engineering,
616,ESP275,Energy Use and Societal Adaptation,
617,ESP280,Research and Analytical Methods,
618,ESP303,Wetlands Ecology,
619,ESP304,Wetlands Ecology Laboratory,
620,ESP305,Community Planning Workshop,
621,ESP308,Global Environmental Problems and Sustainability,
622,ESP311,Energy Efficiency,
623,ESP313,Renewable Energy,
624,ESP326,Environmental Economics,
625,ESP327,Natural Resource Economics,
626,ESP340,Environmental Regulations,
627,ESP341,Freshwater Science,
628,ESP350,Environmental Entomology,
629,ESP360,Water Quality Assessment and Control,
630,ESP375,Environmental Risk Assessment and Management,
631,ESP389,Teaching Practicum,
632,ESP400,Internship,
633,ESP401,Environmental Impact Assessment and Lab,
634,ESP412,Field Ecosystem Ecology,
635,ESP413,Forest Ecology,
636,ESP417,Site Planning and Assessment,
637,ESP421,Natural Resource Policy,
638,ESP445,Environmental Education and Interpretation,
639,ESP450,Research Practicum,
640,ESP470,Solid Waste Planning and Policy,
641,ESP475,Topics in Environmental Science,
642,ESP489,Grant Writing Seminar,
643,FSP100,Introduction to Food Systems,
644,FSP200,"Food, Power and Social Justice",
645,FSP215,Entrepreneurship and the Business of Food,
646,FSP225,Topics in Food Studies,
647,FSP300,"Food: History, Culture, Politics",
648,FSP310,Food and the Environment,
649,FSP311,Food Planning and Policy,
650,FSP320,Poverty and Hunger,
651,FSP395,Internship in Food Studies,
652,FSP396,Food Studies Independent Study and Research,
653,FRE101,Beginning French I,
654,FRE102,Beginning French II,
655,FRE150,Language Table,
656,FRE201,Intermediate French I,
657,FRE202,Intermediate French II,
658,FRE300,Building Fluency in French,
659,FRE301,Practical French I,
660,FRE302,Practical French II,
661,FRE416,The Linguistic Structure of French,
662,GDS100,Game Design I: Introduction,
663,GDS200,"Game Design II: Collaborative Concepts, Tools and Processes",
664,GDS300,Game Design III: Practicum in Theory & Application,
665,EGN101,Introduction to Engineering,
666,EGN160,Introduction to Programming: The C Language,
667,EGN181,Engineering Tools: Mathematica,
668,EGN182,Engineering Tools: SolidWorks,
669,EGN183,Engineering Tools: LabView,
670,EGN184,Engineering Tools: Industrial Power,
671,EGN185,Engineering Tools: C++ Programming,
672,EGN186,Engineering Tools: MATLAB,
673,EGN187,Engineering Tools: Circuit Simulation,
674,EGN188,Engineering Tools: Materials Processing,
675,EGN248,Introduction to Differential Equations and Linear Algebra,
676,EGN260,Materials Science for Engineers,
677,EGN301,Junior Design Project and the Engineering Profession,
678,EGN304,Engineering Economics,
679,EGN317,Introduction to Robotics,
680,EGN325,Control Systems,
681,EGN329,Electromechanical and Control Systems Laboratory,
682,EGN394,Engineering Internship,
683,EGN402,Senior Design Project,
684,EGN403,Advanced Design Project,
685,EGN446,Micro Electromechanical Systems,
686,EGN481,Engineering Statistics,
687,EGN482,Engineering Problem Solving,
688,EGN497,Independent Study,
689,EGN498,Advanced Topics in Engineering,
690,GEO101,Human Geography,
691,GEO102,Physical Geography,
692,GEO103,Human-Environmental Geography,
693,GEO104,World-Regional Geography,
694,GEO105,"Society, Environment, and Change",
695,GEO107,Maps and Math,
696,GEO108,Introduction to ArcGIS,
697,GEO120,Geography of Maine,
698,GEO170,Global History: Mapping the World Across Cultures,
699,GEO203,Urban & Regional Development,
700,GEO204,Coastal and Marine Geography,
701,GEO209,Introduction to Land Use Planning,
702,GEO210,Planning Maine Communities: Current Issues & Directions,
703,GEO255,Making a Living: Workers in a Global Economy,
704,GEO270,Mapping Environments and People: Data Visualization and Analysis,
705,GEO295,Topics in Geography,
706,GEO302,"Gender, Work, and Space",
707,GEO303,Economic Geography,
708,GEO304,Arctic and North Atlantic Regions,
709,GEO305,Remote Sensing,
710,GEO308,GIS Applications I,
711,GEO320,Conservation of Natural Resources,
712,GEO340,Digital Mapping,
713,GEO370,"Maps, Territory, Power",
714,GEO395,Topics in Geography,
715,GEO408,GIS Applications II,
716,GEO438,Independent Study in GIS,
717,GEO445,Drone Mapping,
718,GEO448,GIS Internship,
719,GEO455,"Gender, Race, and Class in the City",
720,GEO458,Research Applications in GIS,
721,GEO481,Megacities and Global Planning Issues,
722,GEO495,Topics in Geography,
723,GYA215,Culture and Place,
724,GYA300,Archaeology Field School,
725,GYA350,Internship in Applied Geography-Anthropology,
726,GYA400,Independent Study in Anthropology or Geography,
727,GEY100,"Volcanoes, Earthquakes & Moving Plates",
728,GEY101,Lab Experiences in Geology,
729,GER101,Beginning German I,
730,GER102,Beginning German II,
731,GER150,Language Table,
732,GER201,Intermediate German I,
733,GER202,Intermediate German II,
734,GER300,Building Fluency in German,
735,GRN300,Aging and the Family,
736,GRN313,Health in Later Years,
737,GRN315,Rehabilitation Services for Older Adult,
738,GRN318,Adult Development and Aging,
739,GRN390,Evaluation and Assessment of Older Adults,
740,HIH201,Fundamentals of Homeopathy I,
741,HIH202,Fundamentals of Homeopathy II,
742,HIH203,Mindfulness-Based Stress Reduction,
743,HIH261,Introduction to Naturopathic Medicine,
744,HIH270,Holistic Approaches to Reproductive Health,
745,HIH280,Holistic Health I,
746,HIH281,Holistic Health II,
747,HIH283,Healing and Spirituality,
748,HIH284,Botanical Therapies,
749,HIH288,Reiki: Energy Medicine,
750,HIH300,Sustainable Compassion,
751,HIH490,Therapeutic Touch,
752,HRD200,Multicultural Human Development,
753,HRD310,Aging and the Search for Meaning,
754,HRD312,The Spiritual Challenges and Opportunities of Aging,
755,HTY101,Origins of Mediterranean Civilizations to 750 CE,
756,HTY102,World History 750 CE to Present,
757,HTY131,United States History to 1877,
758,HTY132,United States History Since 1877,
759,HTY141,African American History to 1865,
760,HTY142,African American History from 1865,
761,HTY143,"Native American History, 1450-2000",
762,HTY144,Indigenous Peoples in the Atlantic World,
763,HTY152,The Islamic Near East,
764,HTY161,Survey of Ancient and Medieval Africa,
765,HTY162,Modern Africa,
766,HTY171,Traditional East Asia,
767,HTY172,Modern East Asia,
768,HTY200,"Reference, Research, and Report Writing",
769,HTY300,History Internship,
770,HTY303,History of the Ancient Near East and Greece,
771,HTY304,History of Rome,
772,HTY305,The Historical Jesus,
773,HTY308,"Polytheists, Jews, and Christians in the Roman Empire",
774,HTY311,Medieval Civilization,
775,HTY324,World Wars I and II: European War and Diplomacy,
776,HTY326,History of the British Empire,
777,HTY330,Germany: Bismarck To Hitler,
778,HTY334,"The Holocaust: Policy, Practice, Response",
779,HTY335,Genocide in Our Time,
780,HTY339,Global Women’s History,
781,HTY345,African Americans and American Justice,
782,HTY346,The Civil Rights Movement,
783,HTY347,Race and the Politics of Mass Incarceration,
784,HTY350,Colonial and Revolutionary America,
785,HTY353,"Gender in Native North America, 1450-1850",
786,HTY354,From Jefferson to Jackson,
787,HTY356,Civil War and Reconstruction,
788,HTY357,"The Gilded Age in America, 1869-1898",
789,HTY358,"Early Twentieth-Century United States, 1898-1938",
790,HTY360,History of Maine,
791,HTY364,History of Women in the United States,
792,HTY366,History of Religion in America,
793,HTY374,Photographing American History,
794,HTY375,History of American Popular Culture,
795,HTY377,"Chinese Thought: Confucianism, Daoism, and Zen Buddhism",
796,HTY380,The 1960s,
797,HTY388,Revolution of Modern China,
798,HTY390,Traditional Japan: Court and Warriors,
799,HTY391,"Japan’s Rise and Fall as a World Power, 1868-1945",
800,HTY394,Selected Topics in History,
801,HTY398,Independent Study in History,
802,HTY400,Senior Seminar,
803,ITA101,Beginning Italian I,
804,ITA102,Beginning Italian II,
805,ITA150,Language Table,
806,ITA201,Intermediate Italian I,
807,ITA202,Intermediate Italian II,
808,ITP210,Technical Writing,
809,ITP230,Project Management,
810,ITP250,Management Information Systems,
811,ITP280,Managing Organizations in a Technological Environment,
812,ITP310,Facility Planning,
813,ITP330,Supply Chain Management,
814,ITP331,Agile/Adaptive Project Management,
815,ITP340,Quality Management,
816,ITP350,"Leadership, Teambuilding, and Facilitation",
817,ITP381,Human Resource Development,
818,ITP410,Technical Operations and Strategies,
819,ITP490,"Operations, Finance, and Management Control",
820,ITS320,Workplace Safety and Health Management Systems,
821,ITT181,Computing Technologies,
822,ITT200,Introduction to Cybersecurity,
823,ITT231,Technical Visualization,
824,ITT241,Information and Communication Technologies,
825,ITT270,Introduction to Computer Hardware,
826,ITT272,Networking I,
827,ITT281,Internet Web Site Development,
828,ITT311,Infrastructure Communication Systems,
829,ITT342,Digital Publishing Technologies,
830,ITT343,Graphic Communication Technologies,
831,ITT344,Digital Video and Media Streaming Technologies,
832,ITT362,Operating Systems Security,
833,ITT363,Server Administration and Maintenance,
834,ITT373,Networking II,
835,ITT376,Network Defense,
836,ITT382,Advanced Web Site Development,
837,ITT383,Databases,
838,ITT385,Integrative Programming,
839,ITT400,Occupational Competency,
840,ITT413,Ethical Hacking,
841,ITT440,Internship,
842,ITT444,Animation and Motion Imaging Technologies,
843,ITT451,"Cyber Laws, Policies, and Ethics",
844,ITT453,Special Topics in Information Technology and Cybersecurity,
845,ITT460,Capstone,
846,ITT482,Computer Systems Forensics,
847,ITT486,User Experience,
848,ITT487,Operations Senior Seminar,
849,ITT490,Directed Study,
850,LAN101,Beginning Language I,
851,LAN102,Beginning Language II,
852,LAN150,Language Table,
853,LAN201,Intermediate Language I,
854,LAN202,Intermediate Language II,
855,LAT101,Beginning Latin I,
856,LAT102,Beginning Latin II,
857,LAT201,Intermediate Latin I,
858,LAT202,Intermediate Latin II,
859,ASL398,Independent Study,
860,FRE398,Independent Study,
861,GER398,Independent Study,
862,LIN105,Contrastive Analysis: ASL and English,
863,LIN112,The Birth of a Language,
864,LIN130,Language Revitalization and Reclamation Methodologies,
865,LIN185,"Language, Mind, and Society: An Introduction to Linguistics",
866,LIN186,Introduction to Linguistics: Lab,
867,LIN201,Language Acquisition,
868,LIN203,Introduction to the Deaf World,
869,LIN211,Anatomy and Physiology of the Speech and Hearing Mechanism,
870,LIN212,Speech Science,
871,LIN213,Introduction to Audiology,
872,LIN236,Not Yet Ready for Prime Time Interpreter,
873,LIN310,Signs of Language in the Brain,
874,LIN311,Phonetics,
875,LIN312,Phonology and Morphology,
876,LIN313,Syntax,
877,LIN316,Language Variation,
878,LIN317,"Two Languages, One Mind: Introduction to Second Language Acquisition and Bilingualism",
879,LIN331,ASL/English Interpreting,
880,LIN332,Consecutive Interpreting and Deaf/Hearing Interpreter Teams,
881,LIN333,Interpreting: Source Language ASL,
882,LIN334,Interpreting: Source Language English,
883,LIN336,Observational Internship,
884,LIN394,Teaching Internship,
885,LIN395,Research Internship,
886,LIN398,Independent Study,
887,LIN401,Foundations of Interpreting I,
888,LIN402,Foundations of Interpreting II,
889,LIN403,Foundations of Interpreting III,
890,LIN404,Foundations of Interpreting IV,
891,LIN409,Educational Interpreting,
892,LIN410,Ethical Decision Making in ASL/English Interpreting,
893,LIN413,Supervised Mentoring,
894,LIN423,Seminar in Syntax,
895,LIN425,Special Topics in ASL/English Interpreting,
896,LIN426,Special Topics in Theoretical Linguistics,
897,LIN431,Medical Interpreting I: The Essential Piece,
898,LIN432,Medical Interpreting II: Interpreting Medical Terminology and Body Systems,
899,LIN433,Medical Interpreting III: Hands-on Observation and Experience in Medical Contexts,
900,LIN434,Pre-practicum,
901,LIN435,Advanced Interpreting and Practicum I,
902,LIN436,Practicum II,
903,LIN490,Introduction to Language Research,
904,LIN498,Thesis,
905,WAB101,Beginning Wabanaki Language I,
906,WAB102,Beginning Wabanaki Language II,
907,WAB201,Intermediate Wabanaki Language I,
908,WAB202,Intermediate Wabanaki Language II,
909,LOS112,Microsoft Excel,
910,LOS114,PowerPoint,
911,LOS120,Statistics for Informed Decision Making,
912,LOS210,Creative Critical Inquiry,
913,LOS270,Introduction to Leadership,
914,LOS299,Writing in the Major,
915,LOS300,Organizational Theory,
916,LOS301,Group Dynamics,
917,LOS302,Organizational Behavior,
918,LOS304,Organizational Budgeting and Finance,
919,LOS310,"Science, Technology, and Society",
920,LOS312,Human Resource Management,
921,LOS314,Employee Relations,
922,LOS316,Diversity in Organizations,
923,LOS317,New Media and Social Networking: Identity and Expression Online,
924,LOS327,Leading through Conflict,
925,LOS329,Research Methods,
926,LOS330,Cultural Contexts,
927,LOS336,Dealing with Difficult People and Behaviors,
928,LOS345,Leadership and Film,
929,LOS350,Leadership,
930,LOS360,Innovation in Organizations,
931,LOS361,Entrepreneurship,
932,LOS387,Collegiate Leadership Competition,
933,LOS398,Independent Study,
934,LOS399,Special Topics,
935,LOS400,Senior Seminar: Global Citizenship,
936,LOS422,Leadership in the Public/Nonprofit Sectors,
937,LOS436,"Risk, Public Policy, and Society",
938,LOS439,"Women’s Ways of Leading: Building Partnerships, Creating Change",
939,LOS440,Leading Organizational Change,
940,LOS462,Community Leadership and Civic Engagement,
941,LOS470,Leadership Study Abroad,
942,LSH240,Introducing the Humanities,
943,LSH340,Topics in the Humanities,
944,LSH398,Independent Study in the Humanities,
945,LSH440,Capstone in the Humanities,
946,MAT100,Mathematics Bridge,
947,MAT101,Algebraic Bridge,
948,MAT105,Mathematics for Quantitative Decision Making,
949,MAT108,College Algebra,
950,MAT120,Introduction to Statistics,
951,MAT131,Number Systems for Elementary Teachers,
952,MAT132,Quantitative Reasoning for Elementary School Teachers,
953,MAT140,Pre-Calculus Mathematics,
954,MAT145,Discrete Mathematics I,
955,MAT148,Applied Calculus,
956,MAT152,Calculus A,
957,MAT153,Calculus B,
958,MAT210,Business Statistics,
959,MAT220,Statistics for the Biological Sciences,
960,MAT231,Algebra for Elementary Teachers,
961,MAT232,Geometry for Elementary Teachers,
962,MAT242,Applied Problem Solving,
963,MAT252,Calculus C,
964,MAT264,Statistical Software Packages,
965,MAT281,Introduction to Probability,
966,MAT282,Statistical Inference,
967,MAT290,Foundations of Mathematics,
968,MAT295,Linear Algebra,
969,MAT350,Differential Equations,
970,MAT352,Real Analysis,
971,MAT355,Complex Analysis,
972,MAT364,Numerical Analysis,
973,MAT366,Deterministic Models in Operations Research,
974,MAT371,College Geometry,
975,MAT380,Probability and Statistics,
976,MAT383,System Modeling and Simulation,
977,MAT386,Sampling Techniques,
978,MAT387,Introduction to Applied/Biostatistical Methods,
979,MAT392,Theory of Numbers,
980,MAT395,Abstract Algebra,
981,MAT460,Mathematical Modeling,
982,MAT461,Stochastic Models in Operations Research,
983,MAT470,Non-Euclidean Geometry,
984,MAT484,Design and Analysis of Experiments,
985,MAT485,Introduction to Applied Regression,
986,MAT486,Introduction to Big Data Analytics,
987,MAT488,Introduction to Data Mining,
988,MAT490,Topology,
989,MAT492,Graph Theory and Combinatorics,
990,MAT496,Introduction to Data Science,
991,MAT497,Independent Study in Mathematics,
992,MAT498,Topics,
993,MME400,Elementary Mathematics Methods,
994,MME434,Secondary Mathematics Methods,
995,MEE150,Applied Mechanics: Statics,
996,MEE230,Thermodynamics I: Laws and Properties,
997,MEE251,Strength of Materials,
998,MEE259,Statics and Strength of Materials Laboratory,
999,MEE270,Applied Mechanics: Dynamics,
1000,MEE331,Thermodynamics II: Flows and Cycles,
1001,MEE339,Thermodynamics Laboratory,
1002,MEE352,Composites,
1003,MEE353,Applied Stress Analysis,
1004,MEE356,Introduction to the Finite Element Method,
1005,MEE360,Fluid Mechanics,
1006,MEE361,Physical Metallurgy,
1007,MEE372,Computer-Aided Design of Machine Elements,
1008,MEE373,Design of Machines and Mechanisms,
1009,MEE374,Theory and Applications of Vibrations,
1010,MEE375,Engineering Acoustics,
1011,MEE379,Dynamics and Vibrations Laboratory,
1012,MEE432,Heat Transfer,
1013,MEE439,Fluid Mechanics and Heat Transfer Laboratory,
1014,MEE463,Aerodynamics,
1015,MIS201,Leadership Laboratory I,
1016,MIS202,Leadership Laboratory II,
1017,MIS213,Introduction to ROTC I,
1018,MIS214,Introduction to ROTC II,
1019,MIS225,History of the Army,
1020,MIS301,Self and Team Development I,
1021,MIS302,Self and Team Development II,
1022,MIS401,Leading Small Organizations I,
1023,MIS402,Leading Small Organizations II,
1024,MIS411,Leadership and Management I,
1025,MIS412,Leadership and Management II,
1026,MIS495,Officer Internship,
1027,MUE110,ProSeminar I,
1028,MUE111,Professional Foundations for Music Education,
1029,MUE113,Vocal Techniques for Instrumentalists,
1030,MUE150,ProSeminar II,
1031,MUE151,Brass Techniques,
1032,MUE152,Percussion Techniques,
1033,MUE210,ProSeminar III,
1034,MUE211,Teaching and Creative and Critical Listening PK-12,
1035,MUE250,ProSeminar IV,
1036,MUE251,Teaching Vocal Music PK-12,
1037,MUE252,Choral Conducting,
1038,MUE310,ProSeminar V,
1039,MUE311,Research and Evaluation,
1040,MUE312,Teaching Instrumental Music PK-12,
1041,MUE313,Instrumental Conducting,
1042,MUE314,Guitar Techniques,
1043,MUE315,Woodwind Techniques,
1044,MUE350,ProSeminar VI,
1045,MUE351,Teaching Improvisation in Music PK-12,
1046,MUE352,String Techniques,
1047,MUE410,ProSeminar VII,
1048,MUE411,Teaching Music Composition PK-12,
1049,MUE412,Woodwind Techniques,
1050,MUE450,Professional Internship,
1051,MUE451,Professional Portfolio,
1052,MUH105,Multi-Cultural Perspectives of American Popular Music and Jazz,
1053,MUH206,Jazz History,
1054,MUH220,Twentieth/Twenty-First Century Music,
1055,MUH222,Music History Survey 1,
1056,MUH223,Music History Survey 2,
1057,MUH320,Seminar in Music History,
1058,MUH321,Classical and Romantic Music,
1059,MUH325,The History of Musical Theatre in America,
1060,MUH329,"Devils, Dwarves and Dragons",
1061,MUP101,Applied Music,
1062,MUP102,Applied Music,
1063,MUP201,Applied Music,
1064,MUP202,Applied Music,
1065,MUP203,Applied Music,
1066,MUP390,Recital,
1067,MUP490,Senior Recital / Seminar,
1068,MUP491,Recital,
1069,MUS100,Music Appreciation and History,
1070,MUS101,USM Choir: University Chorale,
1071,MUS102,Music of the Portland Symphony,
1072,MUS103,Introduction to Jazz,
1073,MUS110,Fundamentals of Music,
1074,MUS150,Piano Class 1,
1075,MUS151,Piano Class 2,
1076,MUS202,Music in America,
1077,MUS204,Rock and Roll: Subversive or Submissive?,
1078,MUS205,Music in Film,
1079,MUS209,Dynamic Posture and Alignment,
1080,MUS210,Songwriting,
1081,MUS244,Basic Conducting,
1082,MUS250,Piano Class 3,
1083,MUS251,Piano Class 4,
1084,MUS252,Jazz Piano Class 1,
1085,MUS253,Jazz Piano Class 2,
1086,MUS256,Diction for Singers 1: Italian and French,
1087,MUS257,Diction for Singers 2: French and German,
1088,MUS271,Principles of Digital Audio and Music Production,
1089,MUS310,Organ Improvisation 1,
1090,MUS311,Organ Improvisation 2,
1091,MUS321,Literature of the Major Instrument,
1092,MUS322,Piano Literature 2,
1093,MUS323,Organ Literature 2,
1094,MUS337,Jazz Arranging,
1095,MUS360,Advanced Keyboard Skills 1,
1096,MUS361,Advanced Keyboard Skills 2,
1097,MUS371,Advanced Principles of Digital Audio and Music Production,
1098,MUS372,Pedagogy of the Major Instrument,
1099,MUS373,Piano Pedagogy 2,
1100,MUS374,Jazz Pedagogy,
1101,MUS376,Class Piano Teaching 1,
1102,MUS377,Class Piano Teaching 2,
1103,MUS378,Practicum in Piano Pedagogy 1,
1104,MUS379,Practicum in Piano Pedagogy 2,
1105,MUS380,Jazz Improvisation 1,
1106,MUS381,Jazz Improvisation 2,
1107,MUS400,Southern Maine Symphony Orchestra,
1108,MUS401,University Chorale,
1109,MUS402,University Concert Band,
1110,MUS404,Opera Workshop,
1111,MUS405,Chamber Singers,
1112,MUS406,Chamber Music,
1113,MUS407,Jazz Ensemble,
1114,MUS408,Wind Ensemble,
1115,MUS440,Studio Class,
1116,MUS442,Recital Class,
1117,MUS452,Accompanying,
1118,MUS480,Bibliography and Research in Music,
1119,MUS498,Independent Study in Music,
1120,MUT110,Music Theory 1,
1121,MUT111,Sight Singing and Aural Skills 1,
1122,MUT112,Music Theory 2,
1123,MUT113,Sight Singing and Aural Skills 2,
1124,MUT210,Music Theory 3,
1125,MUT211,Sight Singing and Aural Skills 3,
1126,MUT212,Music Theory 4,
1127,MUT213,Sight Singing and Aural Skills 4,
1128,MUT330,Form and Analysis,
1129,MUT332,Counterpoint,
1130,SCI104,Basic Photography,
1131,SCI105,Biological Principles I,
1132,SCI106,Laboratory Biology I,
1133,SCI107,Biological Principles II w/ Lab,
1134,SCI108,Chemistry for Health Sciences,
1135,SCI113,Principles of Chemistry I,
1136,SCI114,Laboratory Techniques I,
1137,SCI115,Principles of Chemistry II,
1138,SCI116,Laboratory Techniques II,
1139,SCI130,The Biology of Human Health with Lab,
1140,SCI140,Medical Terminology,
1141,SCI170,Human Anatomy and Physiology I,
1142,SCI171,Practical Human Anatomy and Physiology I,
1143,SCI172,Human Anatomy and Physiology II,
1144,SCI173,Practical Human Anatomy and Physiology II,
1145,SCI190,Beer: The Science & Art of Brewing,
1146,SCI199,Special Topics,
1147,SCI209,Human Genetics,
1148,SCI230,"Environmental Science, Policy, and Sustainability with Lab",
1149,SCI231,Digital Photography,
1150,SCI240,Applied Botany w/Lab,
1151,SCI250,Applied Physics w/ Lab,
1152,SCI281,Microbiology for Health Sciences,
1153,SCI282,Microbiological Laboratory,
1154,SCI299,Special Topics,
1155,SCI305,Molecular Physiology w/ Lab,
1156,SCI315,Environmental Health,
1157,SCI336,Fundamentals of Public Health,
1158,SCI337,Introduction to Epidemiology,
1159,SCI345,Pathophysiology,
1160,SCI350,Science Projects,
1161,SCI351,Emerging Infectious Diseases: From AIDS to Zika,
1162,SCI355,Ecology w/ Lab,
1163,SCI359,Cancer and Society,
1164,SCI360,Sustainability Issues,
1165,SCI365,Marine and Coastal Biology w/Lab,
1166,SCI398,Independent Study,
1167,SCI399,Special Topics,
1168,SCI421,Natural Resource Policy,
1169,SCI431,Principles of Immunology,
1170,SCI440,Sustainability Projects,
1171,SCI450,Science in the Classroom,
1172,SCI470,Neurophysiology,
1173,NUR100,Introduction to Professional Nursing,
1174,NUR200,Introduction to Professional Nursing for Advanced Students,
1175,NUR211,Nursing Role for Accelerated B.S. Students,
1176,NUR300,Health Assessment,
1177,NUR301,Health Assessment Lab,
1178,NUR302,Pharmacology,
1179,NUR305,Fundamentals in Nursing Lab for Accelerated B.S. students,
1180,NUR306,Nursing Arts and Science,
1181,NUR307,Fundamentals in Nursing Lab,
1182,NUR308,Concepts of Professional Nursing Practice,
1183,NUR309,Health Assessment for RNs,
1184,NUR310,Health Assessment Lab for RNs,
1185,NUR313,Intermediate Nursing Skills Lab,
1186,NUR314,RN Credit Option,
1187,NUR318,Evidence-based Practice in Nursing,
1188,NUR319,Qualitative Inquiry in Nursing,
1189,NUR321,Health-Related Research,
1190,NUR323,Adult/Older Adult Health Nursing,
1191,NUR325,Adult/Older Adult Health Nursing Clinical,
1192,NUR326,Dominican Republic Community Nursing Partnership I Clinical,
1193,NUR327,Dominican Republic Community Nursing Partnership II Clinical,
1194,NUR328,Dominican Republic Community Nursing Partnership III Clinical,
1195,NUR330,Mental Health Nursing,
1196,NUR331,Mental Health Nursing Clinical,
1197,NUR332,Nursing Care of the Older Adult in the Community,
1198,NUR339,Community Nursing Partnerships I Clinical,
1199,NUR341,Community Nursing Partnerships II Clinical,
1200,NUR356,Concepts in Community Health,
1201,NUR370,Theory for Clinical Practice,
1202,NUR386,Geary Clinical Cooperative,
1203,NUR413,Advanced Nursing Skills Lab,
1204,NUR419,Community Nursing Partnerships for RNs Clinical,
1205,NUR420,Reproductive and Pediatric Nursing Lab,
1206,NUR421,Reproductive and Sexual Health Nursing,
1207,NUR422,Reproductive and Sexual Health Nursing Clinical,
1208,NUR423,Management of the Critically Ill Adult/Older Adult,
1209,NUR424,Clinically-Applied Genetics,
1210,NUR425,Management of the Critically Ill Adult/Older Adult Clinical,
1211,NUR427,Child Health Nursing,
1212,NUR428,Child Health Nursing Clinical,
1213,NUR436,Community Nursing Partnerships I for Accelerated B.S. Students Clinical,
1214,NUR437,Community Nursing Partnerships II for Accelerated B.S. Students Clinical,
1215,NUR470,Leadership and Ethics,
1216,NUR474,"Professional Issues: Leadership, Management, and Organizations for RNs",
1217,NUR476,Theory Related to Clinical Specialty for RNs,
1218,NUR480,Practicum/Care Management Seminar and Clinical,
1219,NUR490,Capstone in Nursing,
1220,NUR497,Dominican Republic Directed Study,
1221,PHI105,Introduction to Philosophy: Philosophy Through Its History,
1222,PHI106,Why Philosophize?,
1223,PHI107,World Philosophy,
1224,PHI200,World Philosophy Day,
1225,PHI201,Public Philosophy,
1226,PHI205,Logic,
1227,PHI210,Ethical Theories,
1228,PHI211,Media Ethics,
1229,PHI212,Environmental Ethics,
1230,PHI220,Philosophy of Art and Visual Culture,
1231,PHI221,Philosophy of Film,
1232,PHI225,Philosophy of the Mind,
1233,PHI230,Philosophy of Religion,
1234,PHI235,"Philosophy, Social Media, and Security",
1235,PHI240,Political Philosophy,
1236,PHI241,Philosophy & the Politics of Work,
1237,PHI245,"Africa, Social Justice, and Exile",
1238,PHI250,Philosophy of Science,
1239,PHI260,Philosophy of Law,
1240,PHI270,Epistemology,
1241,PHI285,"Biology, Technology, and Ethics",
1242,PHI290,Problems in Philosophy,
1243,PHI291,Death and Dying,
1244,PHI295,"Medicine, Madness, and Disease",
1245,PHI310,History of Ancient Philosophy,
1246,PHI312,Morality in African Literature and Film,
1247,PHI315,Eastern Philosophy,
1248,PHI320,History of Medieval and Renaissance Philosophy,
1249,PHI330,The Enlightenment: Modern Philosophy from Descartes to Kant,
1250,PHI340,Individual and Society: Politics and Economics in Nineteenth-Century Philosophy,
1251,PHI350,American Philosophy,
1252,PHI355,Contemporary Feminism,
1253,PHI360,Existentialism,
1254,PHI370,Analytic Philosophy,
1255,PHI380,Contemporary Philosophy,
1256,PHI395,Philosophy Teaching Internship,
1257,PHI398,Independent Study,
1258,PHI400,Philosophy Topics Seminar,
1259,PHI405,Major Figure Seminar in Philosophy,
1260,PHI409,Research Seminar,
1261,PHI410,Senior Thesis,
1262,PHE106,NCAA Life Choices,
1263,PHE198,Physiology of Health Fitness,
1264,PHE203,Athletic Training for Coaches,
1265,PHE302,Coaching Philosophy and Fundamentals,
1266,PHE303,Coaching and Officiating Basketball,
1267,PHE309,Coaching and Officiating Track and Field,
1268,PHE311,Coaching and Officiating Soccer,
1269,PHE312,Coaching and Officiating Football,
1270,PHE314,Organization and Administration of Athletics,
1271,PHE315,Coaching and Officiating Field Hockey,
1272,PHE316,Coaching and Officiating Volleyball,
1273,PHE335,Coaching and Officiating Baseball,
1274,PHE336,Coaching and Officiating Softball,
1275,PHE391,Field Experience/Internship,
1276,PHE398,Independent Study in Physical Education,
1277,PHY101,Introduction to Physics,
1278,PHY102,Introduction to Physics Laboratory,
1279,PHY111,Elements of Physics I,
1280,PHY112,Elements of Physics II,
1281,PHY114,Introductory Physics Laboratory I,
1282,PHY116,Introductory Physics Laboratory II,
1283,PHY121,General Physics I,
1284,PHY123,General Physics II,
1285,PHY211,Modern Physics I,
1286,PHY213,Modern Physics II,
1287,PHY240,Intermediate Laboratory I,
1288,PHY242,Intermediate Laboratory II,
1289,PHY251,Principles of Electronics,
1290,PHY261,Computational Physics,
1291,PHY281,Astrophysics,
1292,PHY314,Statistical and Thermal Physics,
1293,PHY321,Classical Mechanics I,
1294,PHY323,Classical Mechanics II,
1295,PHY331,Electrodynamics I,
1296,PHY333,Electrodynamics II,
1297,PHY341,Quantum Mechanics,
1298,PHY375,Optics,
1299,PHY390,Independent Laboratory Study in Physics,
1300,PHY410,Independent Study or Internship in Physics,
1301,PPM395,Democracy and Public Policy,
1302,POS101,Introduction to American Government,
1303,POS102,People and Politics,
1304,POS104,Introduction to International Relations,
1305,POS120,Government and Politics of Maine,
1306,POS203,Introduction to Political Science Research,
1307,POS205,Introduction to Comparative Politics,
1308,POS209,The Global Politics of Soccer,
1309,POS245,French Politics and Government,
1310,POS256,Media and Politics,
1311,POS261,The American Congress,
1312,POS262,The American Presidency,
1313,POS280,Issues Before the United Nations,
1314,POS290,Introduction to Political Theory,
1315,POS310,Internet and Politics,
1316,POS312,The Politics of Nuclear Weapons,
1317,POS315,Media Law,
1318,POS333,Theories of Democratization,
1319,POS334,Race and Ethnicity in U.S. Politics,
1320,POS335,European Politics,
1321,POS338,Social Media and Revolutions,
1322,POS349,The Middle East in International Politics,
1323,POS352,Latino Politics,
1324,POS354,African Americans and American Justice,
1325,POS355,Race and the Politics of Mass Incarceration,
1326,POS360,Terrorism and the American Public,
1327,POS361,Public Administration,
1328,POS374,United States Foreign Policy,
1329,POS380,Topics,
1330,POS390,Ancient and Medieval Political Theory,
1331,POS392,American Political Thought I,
1332,POS393,American Political Thought II,
1333,POS394,A Year in the Life,
1334,POS395,Independent Study I,
1335,POS396,Independent Study II,
1336,POS405,The European Union,
1337,POS406,Research in the European Union,
1338,POS410,Urban Outcomes and the City Politics of Portland,
1339,POS445,MeMUNC Conference Planners,
1340,POS463,Supreme Court and Constitutional Law,
1341,POS464,American Civil Liberties,
1342,POS475,Political Science Internship,
1343,POS476,Internship in Washington D.C.,
1344,POS480,International Affairs Internship,
1345,PSY100,Introduction to Psychology,
1346,PSY201,Statistics in Psychology,
1347,PSY205,Experimental Methodology,
1348,PSY206,Methodology Lab,
1349,PSY220,Psychology of the Lifespan,
1350,PSY230,Social Psychology,
1351,PSY233,Abnormal Psychology,
1352,PSY315,Psychology of Human Sexuality,
1353,PSY316,Psychology of Gender,
1354,PSY317,Cross-Cultural Psychology,
1355,PSY318,Applied Behavior Analysis,
1356,PSY323,Psychology of Infancy and Childhood,
1357,PSY325,Psychology of Adulthood and Aging,
1358,PSY326,Psychology of Social and Linguistic Development,
1359,PSY338,Theories of Personality,
1360,PSY350,Psychology of Learning,
1361,PSY360,Cognitive Processes,
1362,PSY361,Sensation and Perception,
1363,PSY363,Human Factors in Regulatory Compliance and Social Policy,
1364,PSY365,Physiological Psychology,
1365,PSY366,"Drugs, Mind, and Behavior",
1366,PSY368,Health Psychology,
1367,PSY371,History and Systems of Psychology,
1368,PSY375,Psychology in the Public Interest,
1369,PSY400,Independent Study,
1370,PSY401,Research Apprenticeship,
1371,PSY405,Teaching Apprenticeship,
1372,PSY410,Internship/Field Experience,
1373,BPH101,Introduction to the U.S. Health System,
1374,BPH160,Biology of Human Health,
1375,BPH161,Biology of Human Health,
1376,BPH201,Fundamentals of Public Health,
1377,BPH205,Health Communication and Marketing,
1378,BPH210,Health Disparities and Social Justice,
1379,BPH315,Population Health Improvement,
1380,BPH320,Methods of Public Health Research,
1381,BPH337,Introduction to Epidemiology,
1382,BPH339,Topics in Public Health (MPH 539),
1383,BPH450,Analysis of Public Health Data with Lab (MPH 550),
1384,BPH499,Field Experience,
1385,RCE100,Introduction to Race & Ethnic Studies,
1386,RCE150,Introduction to Race,
1387,RCE200,Introduction to Critical Race Theory,
1388,RCE330,Perspectives on Father Involvement,
1389,REC110,Foundations of Recreation and Leisure Studies,
1390,REC121,Introduction to Therapeutic Recreation Services,
1391,REC190,Yoga and Nutrition,
1392,REC219,Lifetime Physical Fitness and Wellness,
1393,REC223,Introduction to Nature Tourism,
1394,REC226,Lifetime Leisure Activities,
1395,REC231,Expressive Arts Programming,
1396,REC232,Methods in Therapeutic Recreation Program Design,
1397,REC233,Outdoor Recreation,
1398,REC241,Recreation Leadership,
1399,REC253,Implications of Disabling Conditions for Therapeutic Recreation,
1400,REC285,Perspectives on Animal-Assisted Therapy,
1401,REC311,Psychosocial Interventions for Older Adults,
1402,REC314,Wellness Education and Counseling,
1403,REC324,Inclusive and Special Recreation,
1404,REC367,Adventure Based Counseling,
1405,REC382,Assessment and Documentation in Therapeutic Recreation,
1406,REC383,Facilitation Techniques in Therapeutic Recreation,
1407,REC386,Recreation Facility Design and Maintenance,
1408,REC390,Topics in Recreation and Leisure Studies,
1409,REC398,Independent Study,
1410,REC494,Professional Foundations of Therapeutic Recreation Practice,
1411,REC495,Internship,
1412,REC498,Management and Professional Development in Therapeutic Recreation,
1413,RHF106,Ballroom Dance,
1414,RHF109,Beginning Weight Training,
1415,RHF118,Yoga,
1416,RHF121,Self Defense,
1417,RHF122,Aerobic Kickboxing,
1418,RHF123,Introduction to Sea Kayaking,
1419,RHF124,T’ai Chi Qigong,
1420,RHF126,Stability and Physio-Ball Exercise,
1421,RHF131,Indoor Cycling Instructor Preparation,
1422,RHF218,Yoga Fusion,
1423,REL240,"Meaning, Morality, and Religion",
1424,RMI295,Internship in Risk Management and Insurance,
1425,RMI320,Introduction to Risk Management and Insurance,
1426,RMI330,"Health, Life, and Disability Insurance",
1427,RMI350,Corporate Risk Management and Insurance,
1428,RMI395,Internship I,
1429,RMI396,Internship II,
1430,RSP100,Russell Scholars College Writing,
1431,RSP101,Russell Scholars Creative Writing,
1432,RSP102,Russell Scholars Academic Writing,
1433,RSP103,"Russell Scholars Seminar: Culture, Community, and the Environment",
1434,RSP110,Russell Scholars Learning Community Laboratory,
1435,RSP111,Russell Scholars Learning Community Laboratory,
1436,RSP199,Russell Scholars Topics,
1437,RSP204,"The Gulf of Maine: Archaeology, Ecology, and Environmental Change",
1438,RSP205,"Exploring Culture, On Campus & Off",
1439,RSP210,Russell Scholars Learning Community Laboratory,
1440,RSP211,Russell Scholars Learning Community Laboratory,
1441,RSP299,Topics in RSP,
1442,RSP310,Russell Scholars Learning Community Laboratory,
1443,RSP311,Russell Scholars Learning Community Laboratory,
1444,RSP325,Into the Wild: Environmental Thinking 1960-the present,
1445,RSP400,Russell Scholars Independent Study,
1446,RSP402,Russell Scholars Capstone Seminar: Community and Commitment,
1447,RSP410,Russell Scholars Learning Community Lab,
1448,RSP411,Russell Scholars Learning Community Lab,
1449,SOC100,Introduction to Sociology,
1450,SOC210,Critical Thinking about Social Issues,
1451,SOC300,Sociological Theory,
1452,SOC301,Qualitative Research Methods,
1453,SOC307,Quantitative Research Methods,
1454,SOC315,Self and Society,
1455,SOC316,Sociology of Gender,
1456,SOC327,Social Movements,
1457,SOC330,Sociology of the Family,
1458,SOC331,School and Society,
1459,SOC333,Medical Sociology,
1460,SOC336,Law and Society,
1461,SOC348,Sociology of Work,
1462,SOC355,Politics and Society,
1463,SOC358,Sociology of Women’s Work,
1464,SOC363,"Food, Culture, and Society",
1465,SOC365,Sociology of the Body,
1466,SOC370,Sociology of the Environment,
1467,SOC371,Sociology of Race and Ethnicity,
1468,SOC379,Sociology of Indigenous Peoples,
1469,SOC380,Topics in Sociology,
1470,SOC390,Individualized Instruction I,
1471,SOC391,Individualized Instruction II,
1472,SOC395,Internship,
1473,SOC410,Sociology Capstone,
1474,SOC450,Undergraduate Teaching Assistantship,
1475,SOJ101,Social Justice / Social Change,
1476,SWO150,Professional Writing Laboratory for Social Workers,
1477,SWO201,Introduction to Social Work,
1478,SWO250,Introduction to Social Welfare,
1479,SWO333,Social Work Research I,
1480,SWO334,Social Work Research II,
1481,SWO344,"Costa Rica Immersion: Social Work Perspectives on Culture, Language, and Service-Learning",
1482,SWO350,Social Welfare Policy,
1483,SWO365,Examining Oppression and Valuing Diversity,
1484,SWO370,Human Behavior in the Social Environment,
1485,SWO374,Sexual Harassment in Education and Work,
1486,SWO375,Gender and Aging,
1487,SWO383,"Social Work with Immigrants, Refugees, and Asylum Seekers",
1488,SWO388,"Addictions & Substance Use: Critical Analysis, Theory, and Best Practice",
1489,SWO393,Methods of Social Work Practice I,
1490,SWO397,Independent Study,
1491,SWO399,Topics in Social Work,
1492,SWO402,Methods of Social Work Practice II,
1493,SWO403,Methods of Social Work Practice III,
1494,SWO411,Field Work I,
1495,SWO412,Field Work II,
1496,SBS122,A Regulated Society,
1497,SBS199,Topics,
1498,SBS200,Multicultural Human Development,
1499,SBS210,Me in 3D: Introduction to Social and Behavioral Sciences,
1500,SBS220,U.S. Democracy Origins and Development,
1501,SBS300,Deviance and Social Control,
1502,SBS301,Group Dynamics,
1503,SBS302,Organizational Behavior,
1504,SBS303,Abnormal Psychology,
1505,SBS304,Food and Culture,
1506,SBS305,Child and Adolescent Development,
1507,SBS308,Medical Anthropology,
1508,SBS310,Childhood and Society,
1509,SBS311,Theories of Personality,
1510,SBS315,Social Psychology of Disability,
1511,SBS316,Diversity in Organizations,
1512,SBS329,Research Methods,
1513,SBS332,"Death, Dying, and Denial",
1514,SBS334,Spirituality,
1515,SBS335,Legal Issues in Health and Human Services,
1516,SBS336,Fundamentals of Public Health,
1517,SBS337,Introduction to Epidemiology,
1518,SBS339,"Immigration, Ethnicity, and Identity",
1519,SBS341,The Family,
1520,SBS343,Substance Use Disorders,
1521,SBS344,Violence: Causes and Control,
1522,SBS345,Diversity: Many Voices,
1523,SBS346,Introduction to Social Services,
1524,SBS348,Responding to Mental Health Crisis in the Community,
1525,SBS349,Trauma and Narrative,
1526,SBS350,Psychosocial Disorders in Childhood and Adolescence,
1527,SBS358,Representations of Motherhood,
1528,SBS362,Understanding Regulation: Applying Scissors to Red Tape,
1529,SBS363,Human Factors in Regulation,
1530,SBS364,Introduction to Creative Modalities,
1531,SBS368,Transitioning Cultures: Ethical Conflicts in Post-Military Life,
1532,SBS370,Toward a Global Ethics,
1533,SBS375,Infant Mental Health and Attachment,
1534,SBS390,Brain and Behavior,
1535,SBS398,Independent Study,
1536,SBS399,Special Topics,
1537,SBS411,Counseling and Psychotherapy,
1538,SBS413,Exploring Careers and Job Search Skills,
1539,SBS420,Mindfulness,
1540,SBS430,Applied Social and Public Policy,
1541,SBS436,"Risk, Public Policy, and Society",
1542,SBS447,Internship,
1543,SBS470,Study Abroad,
1544,SPA101,Beginning Spanish I,
1545,SPA102,Beginning Spanish II,
1546,SPA150,Language Table,
1547,SPA201,Intermediate Spanish I,
1548,SPA202,Intermediate Spanish II,
1549,SPA300,Building Fluency in Spanish,
1550,SPA301,Practical Spanish I,
1551,SPA302,Practical Spanish II,
1552,SPA398,Independent Study,
1553,SPA416,The Linguistic Structure of Spanish,
1554,ADS300,Ethics & Serving Individuals with Disabilities,
1555,SED235,Students with Exceptionalities in General Education,
1556,SED300,Ethics and Serving Individuals with Disabilities,
1557,SED420,Multi-Tiered Systems Support (MTSS) in Education,
1558,SED425,Multi-Tier Mathematics Instruction and Assessment,
1559,SED427,Multi-Tier Reading Instruction and Assessment,
1560,SPM100,"Introduction to Exercise, Health, and Sport Sciences",
1561,SPM101,Basic Life Support and First Aid 1,
1562,SPM102,Basic Life Support and First Aid 2,
1563,SPM210,Clinical Athletic Training Principles I,
1564,SPM211,Protective Taping and Wrapping,
1565,SPM219,Lifetime Physical Fitness and Wellness,
1566,SPM230,Psychology of Physical Activity and Sport,
1567,SPM260,Introduction to Personal Training,
1568,SPM265,Therapeutic Modalities,
1569,SPM270,Athletic Training Clinic I,
1570,SPM302,Pharmacology for Athletic Training and Exercise Science,
1571,SPM310,Athletic Training Principles II,
1572,SPM325,Methods of Resistance Training and Conditioning,
1573,SPM330,Physiology of Exercise,
1574,SPM340,Therapeutic Exercise,
1575,SPM350,Health Promotion Programs,
1576,SPM352,Nutrition for Physical Performance,
1577,SPM370,Athletic Training Clinic II,
1578,SPM371,Athletic Training Clinic III,
1579,SPM381,Kinesiology,
1580,SPM390,Biomechanics,
1581,SPM398,Independent Study,
1582,SPM410,Athletic Training Principles III,
1583,SPM430,"Exercise Testing, Assessment, and Prescription",
1584,SPM431,Advanced Exercise Physiology,
1585,SPM440,Manual Therapy,
1586,SPM450,Exercise for Special Populations,
1587,SPM470,Athletic Training Clinic IV,
1588,SPM477,Health Research Methods,
1589,SPM480,Organization and Administration of Athletic Training,
1590,SPM485,Senior Thesis I,
1591,SPM486,Senior Thesis II,
1592,SPM495,Clinical Internship,
1593,TAH101,Introduction to Tourism & Hospitality,
1594,TAH150,Professional Practices Immersion in Tourism & Hospitality,
1595,TAH211,Tourism Entrepreneurship,
1596,TAH221,Hospitality Management,
1597,TAH222,Food and Beverage Management,
1598,TAH224,Off-site Catering,
1599,TAH226,Wellness Tourism,
1600,TAH228,Introduction to the Craft Beer Sector,
1601,TAH241,Sustainable Tourism Development,
1602,TAH250,Nature Tourism,
1603,TAH261,Cultural Tourism,
1604,TAH264,Culinary Tourism,
1605,TAH299,Topics in Tourism & Hospitality,
1606,TAH301,Global Issues in Travel & Tourism,
1607,TAH302,Tourism Research Methods,
1608,TAH305,Culture & Communication in the Travel Industry,
1609,TAH307,Field Study in Tourism & Hospitality,
1610,TAH309,Tourism & Hospitality Internship,
1611,TAH311,Event Management,
1612,TAH312,Tour Planning & Management,
1613,TAH320,Green Meetings and Events,
1614,TAH321,Lodging Operations & Systems,
1615,TAH331,Sustainable Hospitality Management,
1616,TAH361,Local Food & Agritourism,
1617,TAH399,Advanced Topics in Tourism & Hospitality,
1618,TAH409,Capstone: Tourism & Hospitality Internship,
1619,TAH415,Trends & Innovation in Tourism and Hospitality,
1620,TAH422,Hospitality Law and HR,
1621,TAH424,Hospitality Financial Management,
1622,TAH426,Beverage Operations,
1623,TAH432,Sustainable Tourism Policy & Planning,
1624,TAH497,Independent Study in Tourism & Hospitality,
1625,THE101,Introduction to Theatre and Text Analysis,
1626,THE102,Acting for Non-Majors,
1627,THE104,Practicum in Costuming,
1628,THE105,Practicum in Stage Lighting,
1629,THE106,Practicum in Stagecraft,
1630,THE115,Math & the Theatre Arts,
1631,THE122,Introduction to Acting,
1632,THE136,Fundamentals of Design,
1633,THE139,Theatrical Make-up,
1634,THE141,Theatre Workshop I,
1635,THE142,Theatre Workshop II,
1636,THE170,Public Speaking,
1637,THE175,Oral Interpretation of Texts,
1638,THE180,Topics in Theatre,
1639,THE190,Rehearsal and Production,
1640,THE201,Cultural History of Theatre,
1641,THE220,Scene Study,
1642,THE221,Voice and Speech for the Actor,
1643,THE222,Movement for the Actor,
1644,THE224,Acting for the Camera,
1645,THE232,Introduction to Stage Management,
1646,THE234,Performance Business,
1647,THE235,Theatrical Drafting,
1648,THE236,Practicum in Design,
1649,THE250,Playwriting,
1650,THE271,Creative Drama,
1651,THE280,Topics in Theatre,
1652,THE290,Advanced Rehearsal and Production,
1653,THE303,Musical Theatre Performance,
1654,THE321,Advanced Acting,
1655,THE325,Directing,
1656,THE330,"Dramaturgy: Creative Research, Development, and Critique",
1657,THE331,Scene Design,
1658,THE334,Costume Design,
1659,THE335,Lighting Design,
1660,THE337,Sound Design,
1661,THE351,Dramatic Literature and History of Classical Theatre,
1662,THE352,Dramatic Literature and History of Modern Theatre,
1663,THE375,Performance Art,
1664,THE380,Topics in Theatre,
1665,THE420,Acting: Styles,
1666,THE421,Topics in Acting and Performance,
1667,THE430,Topics in Design,
1668,THE434,Advanced Design for the Theatre,
1669,THE451,Topics in Dramatic Literature and Theatre History,
1670,THE490,Independent Study,
1671,THE491,Independent Project,
1672,THE492,Theatre Internship,
1673,THE495,Theatre Capstone,
1674,THE496,External Experience,
1675,WGS101,Introduction to Women and Gender Studies,
1676,WGS201,Rethinking Gender & Culture,
1677,WGS220,Topics in Women and Gender Studies,
1678,WGS235,"Topics in Science, Technology, and Health I",
1679,WGS245,Topics in Culture and the Arts I,
1680,WGS255,Topics in History and Resistance I,
1681,WGS265,Topics in Gender and Institutions I,
1682,WGS320,Advanced Topics in Women and Gender Studies,
1683,WGS335,"Topics in Science, Technology, and Health II",
1684,WGS345,Topics in Culture and the Arts II,
1685,WGS355,Topics in History and Resistance II,
1686,WGS365,Topics in Gender and Institutions II,
1687,WGS380,The Politics of Difference,
1688,WGS390,Contemporary Feminist Theories,
1689,WGS420,Advanced Topics in Women and Gender Studies,
1690,WGS435,"Topics in Science, Technology, and Health III",
1691,WGS445,Topics in Culture and the Arts III,
1692,WGS455,Topics in History and Resistance III,
1693,WGS465,Topics in Gender and Institutions III,
1694,WGS470,Independent Study,
1695,WGS484,Feminist Thesis Workshop,
1696,WGS485,Internship,
1697,WGS486,Thesis,
1698,WGS490,Capstone Experience in Women and Gender Studies,
