course_code,course_name,college_id
ANT306,Analysis of Archaeological Materials,819
ANT308,Environmental Archaeology,819
ANT315,Ethnography: Methods Ethics and Practice,819
ANT320,Anthropology & the Museum,819
ANT350,International Development,819
ANT360,Public Archaeology,819
ANT380,African American Historical Archaeology,819
ANT395,Topics in Anthropology,819
ANT410,Japan: Archaeology Environmental History and Multicultural Perspectives,819
ANT495,Topics in Anthropology,819
ANT508,Environmental Archaeology,819
ANT515,Ethnography: Methods Ethics and Practice,819
ANT560,Public Archaeology,819
ARA101,Beginning Arabic I,819
ARA102,Beginning Arabic II,819
ARA150,Language Table,819
ARA201,Intermediate Arabic I,819
ARA202,Intermediate Arabic II,819
ART124,Cre8: The Art of Creativity,819
ART141,Surface Space Time (2D),819
ART142,Surface Space Time (3D),819
ART151,Fundamentals of Perceptual Drawing,819
ART170,The Power of Amateur Photography,819
ART222,Digital Art & Design,819
ART231,Introduction to Ceramics I,819
ART232,Introduction to Ceramics II,819
ART241,Introduction to The Visual Book,819
ART251,Drawing: Media and Strategies,819
ART261,Introduction to Painting,819
ART271,Photography: Analog to Digital,819
ART281,Introduction to Printmaking: Intaglio and Relief,819
ART282,Introduction to Printmaking: Lithography and Screen Printing,819
ART291,Sculpture: Additive and Subtractive Processes,819
ART292,Sculpture: Altered and Constructed Processes,819
ART312,Topics in Studio Art,819
ART321,Exploring Time-Based Art & Design,819
ART332,Intermediate Ceramics,819
ART341,The Visual Book II: Historical Influences on Contemporary Artists’ Books,819
ART342,Book Arts Summer Workshop,819
ART352,Experimental Drawing,819
ART361,Intermediate Drawing and Painting: The Figure,819
ART372,Digital Photography,819
ART382,Experimental Printmaking,819
ART393,Topics in Sculpture,819
ART400,Internship in the Visual Arts,819
ART401,Senior Seminar in Studio Art,819
ART407,Advanced Problems in Art,819
ART408,Independent Study in Art,819
ART412,Topics in Studio Art,819
ART431,Advanced Ceramics I,819
ART432,Advanced Ceramics II,819
ART441,Advanced Studio in Book Arts,819
ART461,Advanced Drawing and Painting I,819
ART462,Advanced Drawing and Painting II,819
ART471,Advanced Studio in Photography and Digital Art I,819
ART472,Advanced Studio in Photography and Digital Art II,819
ART481,Advanced Printmaking I,819
ART482,Advanced Printmaking II,819
ART491,Advanced Sculpture,819
ART492,Advanced Sculpture,819
AED221,Practicum in Art Education,819
AED222,Art Lab,819
AED321,Principles and Procedures in Art Education,819
AED324,Student Teaching,819
AED400,Community Art Education Internship (CAED),819
AED407,Advanced Problems in Art Education,819
AED421,Seminar in Art Education,819
AED428,Independent Study in Art Education,819
ARH111,Art History: Prehistoric through Medieval,819
ARH112,Art History: Renaissance to the Present,819
ARH310,Art History: Cross-Cultural Perspectives,819
ARH311,Gender Identity and Modern Art,819
ARH312,Art as Social Action,819
ARH318,History of Photography,819
ARH321,Classical Art,819
ARH322,Medieval Art,819
ARH323,Renaissance Art,819
ARH325,American Art,819
ARH326,Nineteenth-Century European Art,819
ARH327,Modern Art,819
ARH328,Contemporary Art,819
ARH329,Asian Art,819
ARH410,Seminar in Art History,819
ARH412,Topics in Art History,819
ARH418,Independent Study in Art History,819
AST100,Astronomy,819
AST103,Exercises and Experiments in Astronomy,819
BIO101,Biological Foundations,819
BIO102,Biological Experiences,819
BIO103,Introduction to Marine Biology,819
BIO104,Marine Biology Laboratory,819
BIO105,Biological Principles I: Cellular Biology,819
BIO106,Laboratory Biology,819
BIO107,Biological Principles II: Evolution Biodiversity and Ecology,819
BIO109,Biological Principles III: Functional Biology,819
BIO111,Human Anatomy and Physiology I,819
BIO112,Practical Human Anatomy and Physiology I,819
BIO113,Human Anatomy and Physiology II,819
BIO114,Practical Human Anatomy and Physiology II,819
BIO201,Genetics,819
BIO203,Ecology,819
BIO217,Evolution,819
BIO221,Human Anatomy and Physiology for Biology Majors I,819
BIO223,Human Anatomy and Physiology for Biology Majors II,819
BIO231,Botany,819
BIO281,Microbiology for Health Sciences,819
BIO282,Microbiology Laboratory,819
BIO291,Ornithology,819
BIO305,Developmental Biology,819
BIO306,Developmental Biology Laboratory,819
BIO309,Comparative Vertebrate Anatomy,819
BIO311,Microbiology,819
BIO321,Neurobiology,819
BIO322,Neurobiology Laboratory,819
BIO335,Entomology,819
BIO337,Marine Ecology,819
BIO345,Pathophysiology,819
BIO351,Invertebrate Zoology,819
BIO353,Vertebrate Zoology,819
BIO361,Parasitology,819
BIO362,Parasitology Laboratory,819
BIO383,Plant Ecology,819
BIO401,Animal Physiology,819
BIO402,Animal Physiology Laboratory,819
BIO405,Animal Behavior,819
BIO406,Animal Behavior Laboratory,819
BIO407,Environmental Modulation of Developmental Mechanisms,819
BIO409,Cell and Molecular Biology,819
BIO410,Cell and Molecular Biology Laboratory,819
BIO413,Applied Biostatistics,819
BIO415,Microbial Ecology,819
BIO416,Microbial Ecology Lab,819
BIO417,Issues in Evolution,819
BIO419,Human Evolution,819
BIO421,Biology Seminar,819
BIO423,Topics in Genetics,819
BIO431,Principles of Immunology,819
BIO432,Immunology Laboratory,819
BIO441,Problems in Biology (Independent Studies),819
BIO442,Honors Thesis in Biology,819
BIO443,Internship,819
BUS188,Introductory ICE Topics,819
BUS200,Introduction to Business,819
BUS203,Career Planning and Development,819
BUS210,Managing Sport for Society,819
BUS241,Applied Business Modeling,819
BUS260,Marketing,819
BUS280,Legal Environment of Business,819
BUS284,Enactus Project,819
BUS295,Internship in Business Administration,819
BUS300,Entrepreneurial Thinking,819
BUS301,Business Analytics,819
BUS311,Sport Marketing,819
BUS312,Sport Law,819
BUS314,Sport Media & Communication,819
BUS315,Revenue Generation in Sport,819
BUS316,Sport Event & Facility Management,819
BUS318,Sport Governance & Policy,819
BUS319,Sport Tourism,819
BUS321,Independent Projects in Marketing,819
BUS322,Sport Consumer Behavior,819
BUS334,Introduction to Organizational Change,819
BUS335,International Business,819
BUS336,Approved International Experience,819
BUS337,Approved International Business Experience,819
BUS338,Strategic Management of Technology & Innovation,819
BUS339,Business Ethics,819
BUS340,Managing Organizational Behavior,819
BUS341,New Product Development,819
BUS342,Leadership,819
BUS343,Management Skills,819
BUS344,Business Negotiation,819
BUS345,Technology Management,819
BUS346,Strategic Human Resource Management,819
BUS347,Triple-Bottom-Line Business,819
BUS348,Sustainable Business Practicum,819
BUS351,Cross-Cultural Management,819
BUS356,Digital Marketing,819
BUS358,E-Commerce,819
BUS359,Social Media Marketing,819
BUS360,Marketing Strategy,819
BUS361,International Marketing,819
BUS362,Market Opportunity Analysis,819
BUS363,Branding and Advertising,819
BUS364,Professional Selling,819
BUS365,Consumer Behavior,819
BUS366,Sales Management,819
BUS367,Marketing Management,819
BUS369,Marketing Research,819
BUS372,Supply Chain Management,819
BUS373,Project Management,819
BUS374,Purchasing and Procurement,819
BUS375,Production/Operations Management,819
BUS376,Advanced Topics in Strategy,819
BUS377,Information Visualization,819
BUS378,Sport Management Practicum,819
BUS380,Advanced Legal Issues in Business,819
BUS382,International Business Law,819
BUS383,Social Entrepreneurship,819
BUS384,Enactus Project Leadership,819
BUS385,Entrepreneurship and Venture Creation,819
BUS386,Creative Strategies for Entrepreneurs,819
BUS387,Design Thinking,819
BUS388,Launching a Global Social Enterprise,819
BUS389,Self-directed Innovation Project,819
BUS390,Internship in Innovation Creativity and Entrepreneurship,819
BUS391,Internship in Sustainable Business,819
BUS392,Internship in Marketing,819
BUS394,Internship in International Business,819
BUS395,Internship I,819
BUS396,Internship II,819
BUS397,Internship in Sport Management/Advance Field Experience,819
BUS398,Professional Selling Practicum,819
BUS399,Special Topics in Business,819
BUS450,Business Policy and Strategy,819
BUS485,Managing the Growing Entrepreneurial Venture,819
BUS490,Independent Study,819
BAN300,Foundations of Data Management,819
BAN340,Data Mining for Business Analysts,819
BAN350,Data Visualization,819
BAN395,Internship in Business Analytics,819
CHY107,Chemistry for Health Sciences,819
CHY113,Principles of Chemistry I,819
CHY114,Laboratory Techniques I,819
CHY115,Principles of Chemistry II,819
CHY116,Laboratory Techniques II,819
CHY233,Analytical Chemistry with Lab,819
CHY251,Organic Chemistry I,819
CHY252,Organic Chemistry Laboratory I,819
CHY253,Organic Chemistry II,819
CHY254,Organic Chemistry Laboratory II,819
CHY345,Polymer Chemistry,819
CHY371,Quantum Chemistry,819
CHY373,Chemical Thermodynamics,819
CHY374,Chemical Thermodynamics Laboratory,819
CHY377,Spectroscopy,819
CHY378,Instrumental Analysis Laboratory,819
CHY385,Pickles to Pints: Fermentation Science,819
CHY410,Special Topics,819
CHY411,Special Topics,819
CHY412,Special Topics,819
CHY413,Special Topics,819
CHY414,Special Topics,819
CHY415,Special Topics,819
CHY416,Special Topics,819
CHY417,Special Topics,819
CHY418,Special Topics,819
CHY419,Special Topics,819
CHY421,Inorganic Chemistry,819
CHY461,Biochemistry I,819
CHY462,Biochemistry Laboratory I,819
CHY463,Biochemistry II,819
CHY470,Chemistry in Perspective,819
CHY490,Senior Research Project,819
CHI101,Beginning Chinese I,819
CHI102,Beginning Chinese II,819
CHI150,Language Table,819
CHI201,Intermediate Chinese I,819
CHI202,Intermediate Chinese II,819
CON252,Human Nutrition,819
CMS102,Introduction to Communication,819
CMS103,Introduction to Media Studies,819
CMS150,The Writing Process,819
CMS190,Nonverbal Communication,819
CMS200,Research Methods in Communication,819
CMS201,Introduction to Public Relations,819
CMS202,Writing for Popular Print Media,819
CMS203,Introduction to Video Production,819
CMS204,Introduction to Video Production Lab,819
CMS205,Topics in Media Writing I,819
CMS210,Topics in Media Criticism I,819
CMS215,Journalism Reporting and Writing,819
CMS220,Topics in Media Production I,819
CMS222,Digital Radio & Audio Production,819
CMS223,Communication Law,819
CMS225,Screenwriting,819
CMS235,Communicating Security,819
CMS242,Communication and Social Media,819
CMS255,Business and Professional Communication,819
CMS265,Intrapersonal Communication,819
CMS272,Persuasion,819
CMS274,Writing for the Media,819
CMS284,Introduction to Cinema Studies,819
CMS286,History of International Cinema to 1945,819
CMS288,History of International Cinema Since 1945,819
CMS290,Intercultural Communication,819
CMS294,Visual Communication,819
CMS298,Topics in Communication I,819
CMS300,Topics in Media Writing II,819
CMS301,Public Relations: Cases and Campaigns,819
CMS302,Writing the Feature Story,819
CMS303,Media Effects,819
CMS305,Writing Opinion: Editorials and Columns,819
CMS306,Managing Media Relations,819
CMS310,Topics in Media Criticism II,819
CMS315,Broadcast Newswriting,819
CMS320,Topics in Media Production II,819
CMS322,Digital Audio Storytelling,819
CMS323,Understanding Technology,819
CMS324,Photojournalism,819
CMS326,Special Effects and Animation,819
CMS330,Interpersonal Communication,819
CMS332,Communication in the Family,819
CMS335,Public Relations: Special Topics,819
CMS340,Narrative Filmmaking,819
CMS341,Narrative Filmmaking Lab,819
CMS345,Small Group Communication,819
CMS350,The Internet in Society,819
CMS360,Ethical Dilemmas in the Digital Age,819
CMS374,Media Criticism and Aesthetics,819
CMS375,Meaning and Communication,819
CMS380,Film Genres,819
CMS384,Topics in Cinema Studies,819
CMS390,Organizational Communication,819
CMS393,Internships in Media Studies,819
CMS398,Topics in Communication II,819
CMS400,Senior Project Workshop,819
CMS401,Launching into Life After College,819
CMS423,The First Amendment,819
CMS430,Communication Internship,819
CMS440,Advanced Narrative Filmmaking,819
CMS441,Advanced Narrative Filmmaking Lab,819
CMS450,Service Learning Practicum,819
CMS460,Topics in Media Production III,819
CMS480,Gender Communication,819
CMS485,Senior Seminar in Media Studies,819
CMS491,Independent Study,819
CMS493,Advanced Internship and Professional Portfolio in Media Studies,819
CMS495,Communication Capstone,819
CMS497,On Bullshit,819
CMS498,Topics in Communication III,819
COS160,Structured Problem Solving Java,819
COS161,Algorithms in Programming,819
COS170,Structured Programming Laboratory,819
COS184,Python Programming,819
COS246,Programming Topics,819
COS250,Computer Organization,819
COS255,Computer Organization Laboratory,819
COS280,Discrete Mathematics II,819
COS285,Data Structures,819
COS350,Systems Programming,819
COS360,Programming Languages,819
COS368,Graphical User Interface Design,819
COS374,Numerical Analysis,819
COS375,Web Applications Development,819
COS389,Programming Autonomous Robots,819
COS398,Professional Ethics and Social Impact of Computing,819
COS420,Object-Oriented Design,819
COS422,Computing for Data Science,819
COS425,Mobile Development,819
COS427,Computational Text Analytics,819
COS430,Software Engineering,819
COS432,Deep Learning,819
COS444,Software Project Management,819
COS450,Operating Systems,819
COS452,Computer Graphics,819
COS457,Database Systems,819
COS460,Computer Networks,819
COS465,Distributed Systems,819
COS469,Compiler Construction,819
COS470,Topics in Computer Science,819
COS472,Artificial Intelligence and Data Mining,819
COS475,Machine Learning,819
COS485,Design and Analysis of Computing Algorithms,819
COS497,Independent Study in Computer Science,819
COS498,Computer Science Internship,819
COR101,Co-Curricular Learning Lab,819
COR301,Thoughtful Giving: Philanthropy and American Culture,819
COR400,Launching into Life After College,819
CRM100,Introduction to Criminology,819
CRM216,White-Collar Crime,819
CRM217,Crime in Maine,819
CRM220,Research Methods in Criminology,819
CRM225,Crimes Against the Environment,819
CRM230,Introduction to the Criminal Justice System,819
CRM310,Classical Theories of Social Order,819
CRM317,Gender and Crime,819
CRM320,Film and Social Order,819
CRM325,Domestic Violence,819
CRM330,Crime and Social Control,819
CRM334,Law and State,819
CRM337,Youth Crime,819
CRM340,Criminal Law,819
CRM345,Criminology in Sweden,819
CRM350,Topics in Criminology,819
CRM365,Race and Punishment,819
CRM375,Media Crime and Criminality,819
CRM380,Restorative Justice,819
CRM390,Independent Projects,819
CRM395,Internship,819
CRM402,Senior Seminar,819
DAN101,Contemporary Dance I,819
DAN102,Ballet I,819
DAN103,Jazz Dance I,819
DAN104,Tap Dance I,819
DAN105,Musical Theatre Styles I,819
DAN180,Topics in Technique,819
DAN190,Rehearsal & Production,819
DAN201,Contemporary Dance II,819
DAN202,Ballet II,819
DAN203,Jazz Dance II,819
DAN204,Tap Dance II,819
DAN205,Musical Theatre Styles II,819
DAN208,Dance Composition,819
DAN209,Dance Repertory,819
DAN266,The Art of Dance,819
DAN280,Topics in Dance,819
DAN305,Dance and Health,819
DAN410,Student Dance Project,819
ECO100,Introduction to Economics Ideas and Issues,819
ECO101,Introduction to Macroeconomics,819
ECO102,Introduction to Microeconomics,819
ECO103,Critical Thinking About Economic Issues,819
ECO120,Lying with Graphs: Reading Writing and Interpreting Graphs in the Social Sciences,819
ECO220,U.S. Economic and Labor History,819
ECO301,Intermediate Macroeconomics,819
ECO302,Intermediate Microeconomics,819
ECO304,Research Methods in Economics,819
ECO305,Econometrics,819
ECO310,Money and Banking,819
ECO312,U.S. Economic Policy,819
ECO315,Economic Development,819
ECO316,Case Studies in International Development,819
ECO321,Understanding Contemporary Capitalism,819
ECO323,U.S. Labor and Employment Relations,819
ECO326,Environmental Economics,819
ECO327,Natural Resource Economics,819
ECO333,Economics and Happiness,819
ECO335,The Political Economy of Food,819
ECO340,History of Economic Thought,819
ECO370,International Economics,819
ECO399,Special Topics in Economics,819
ECO400,Capstone in Economics,819
ECO450,Readings in Economics,819
ECO490,Independent Readings and Research in Economics,819
EDU100,Exploring Teaching as a Profession,819
EDU222,Foundations of Language and Literacy Development,819
EDU225,Multicultural Child and Adolescent Development,819
EDU230,Teaching Through the Arts,819
EDU300,Educational Media and Technology,819
EDU305,Foundations of Cultural and Linguistic Diversity,819
EDU310,Education and Democracy,819
EDU323,Independent Study in Teacher Education,819
EDU336,Children’s Literature,819
EDU401,Secondary Science Methods for All Students Including Those of Diverse Abilities and Backgrounds,819
EDU402,Secondary English Methods,819
EDU403,World Language Methods for all Learners Including Those of Diverse Abilities and Backgrounds,819
EDU404,Secondary Social Studies Methods for All Students Including Those of Diverse Abilities and Backgrounds,819
EDU405,Elementary and Middle School Mathematics Methods for All Students Including Those of Diverse Abilities and Backgrounds,819
EDU410,Creating Positive Learning Environments,819
EDU414,Improving Teaching in the Content Areas through Literacy for All Students Including Those with Diverse Abilities and Backgrounds,819
EDU442,Professional Seminar in Teaching,819
EDU445,Internship in General Education,819
EDU451,Elementary Social Studies Methods for All Students Including Those of Diverse Abilities and Backgrounds,819
EDU452,Teaching Elementary Science to All Students Including Those of Diverse Abilities and Backgrounds,819
EDU454,Secondary Mathematics Methods for All Students Including Those of Diverse Abilities and Backgrounds,819
EDU465,Teaching Reading for All Students in Grades K-8 Including Those with Diverse Abilities and Backgrounds,819
EDU466,Teaching Writing for All Students Including Those with Diverse Abilities and Backgrounds.,819
ELE172,Digital Logic,819
ELE179,Digital Logic Laboratory,819
ELE216,Circuits I: Steady-State Analysis,819
ELE217,Circuits II: System Dynamics,819
ELE219,Circuits Laboratory,819
ELE262,Physical Electronics,819
ELE271,Microprocessor Systems,819
ELE314,Signals and Systems,819
ELE323,Electromechanical Energy Conversion,819
ELE327,Energy and Power Systems,819
ELE342,Electronics I: Devices and Circuits,819
ELE343,Electronics II: Electronic Design,819
ELE351,Electromagnetic Fields,819
ELE367,Optoelectronics,819
ELE444,Analog Integrated Circuits and Design,819
ELE471,Real-Time and Embedded Systems,819
ELE483,Communications Engineering,819
ELE486,Digital Signal Processing,819
ELE487,Digital Image Processing,819
ELE489,Analog and Digital Signals Laboratory,819
ENG100,College Writing,819
ENG101,Independent Writing,819
ENG102,Academic Writing,819
ENG103,A Modular Approach to the Writing Process,819
ENG140,Reading Literature,819
ENG145,Topics in Literature,819
ENG201,Creative Writing,819
ENG202,Memoir and Autobiography,819
ENG204,Professional Writing,819
ENG205,Sentence Style,819
ENG220,World Masterpieces I,819
ENG244,Introduction to Cultural Studies,819
ENG245,Introduction to Literary Studies,819
ENG262,Poetry,819
ENG263,Fiction,819
ENG264,Performance Genres,819
ENG300,Fiction Writing,819
ENG301,Poetry Writing,819
ENG302,Fiction Workshop,819
ENG303,Poetry Workshop,819
ENG304,Advanced Memoir,819
ENG305,Rhetoric Syntax and Style,819
ENG306,Writing the Novel,819
ENG307,Topics in Professional Writing,819
ENG309,Newswriting,819
ENG310,Topics in Journalism,819
ENG315,Ancient Literature,819
ENG318,Autobiography,819
ENG319,Studies in Genre and Form,819
ENG320,Continental Literature,819
ENG321,Modernisms,819
ENG322,Modern Autobiography,819
ENG324,Studies in Canadian Literature and Culture,819
ENG325,Epic and Romance,819
ENG326,Studies in International Literature Since 1900,819
ENG328,Modern Novel: Themes and Methods,819
ENG330,History of the English Language,819
ENG334,Topics in Literacy Studies,819
ENG337,Studies in Rhetoric,819
ENG338,Studies in Language,819
ENG340,History of Literary Criticism and Theory,819
ENG341,Contemporary Critical Theories,819
ENG342,Topics in Contemporary Theory,819
ENG344,Sex/Gender and Sexuality,819
ENG345,Racial Formations,819
ENG346,Language Literature and the Politics of Identity in Contemporary Ireland,819
ENG347,Topics in Cultural Studies,819
ENG348,Topics in Interdisciplinary Studies,819
ENG350,Medieval English Literature,819
ENG351,Chaucer and the Medieval World,819
ENG352,Medieval Drama,819
ENG353,Medieval Women Writers,819
ENG354,Studies in Medieval Literature and Culture,819
ENG355,English Renaissance Literature and Culture,819
ENG357,Elizabethan and Jacobean Drama,819
ENG360,Shakespeare,819
ENG361,Shakespeare,819
ENG362,Studies in Shakespeare,819
ENG363,Studies in the Renaissance,819
ENG365,Restoration and Eighteenth-Century Literature and Culture,819
ENG366,Studies in the Restoration and Eighteenth Century,819
ENG367,Literature and Culture of the Early Republic,819
ENG368,Studies in Eighteenth-Century American Literature and Culture,819
ENG369,Emergence of the Novel,819
ENG370,Literature of Discovery Exploration and Colonialism,819
ENG371,Romantic Writing,819
ENG373,Studies in Romantic Literature and Culture,819
ENG375,Nineteenth-Century British Novel,819
ENG376,Victorian Literature and Culture,819
ENG377,Studies in Nineteenth-Century British Literature and Culture,819
ENG378,The Novel of Self Development,819
ENG379,Earlier Women Writers,819
ENG380,Early Nineteenth-Century American Literature and Culture,819
ENG382,The Earlier American Novel,819
ENG383,Studies in African-American Literature and Culture,819
ENG384,Late Nineteenth-Century American Literature and Culture,819
ENG385,Studies in Nineteenth-Century American Literature and Culture,819
ENG387,Women Writers Since 1900,819
ENG390,British Poetry Since 1900,819
ENG391,American Poetry Since 1900,819
ENG393,The American Novel Since 1900,819
ENG394,Studies in American Literature and Culture Since 1900,819
ENG395,Irish Literature and Culture,819
ENG396,James Joyce,819
ENG397,Studies in Irish Literature and Culture,819
ENG398,Studies in British Literature and Culture Since 1900,819
ENG400,Independent Study in Creative or Expository Writing,819
ENG401,Creative Writing Minor Thesis,819
ENG409,Internship in Professional Writing,819
ENG410,Independent Study in Journalism,819
ENG411,Seminar in Journalism,819
ENG415,Independent Study in Ancient and Biblical Literature and Culture,819
ENG418,Independent Study in Genre and Form,819
ENG419,Seminar in Genre and Form,819
ENG431,Seminar on Literacy Studies and the Teaching of Writing,819
ENG432,Internship in the Teaching of Writing,819
ENG440,Independent Study in Literary Criticism and Theory,819
ENG441,Seminar in Literary Criticism and Theory,819
ENG444,Independent Study in Interdisciplinary and Cultural Studies,819
ENG445,Seminar in Interdisciplinary and Cultural Studies,819
ENG450,Independent Study in Medieval Studies,819
ENG451,Seminar in Medieval Studies,819
ENG455,Independent Study in the Renaissance,819
ENG456,Seminar in the Renaissance,819
ENG465,Independent Study in the Eighteenth Century,819
ENG466,Seminar in the Eighteenth Century,819
ENG475,Independent Study in the Nineteenth Century,819
ENG476,Seminar in Nineteenth-Century Studies,819
ENG490,Independent Study in Literature Since 1900,819
ENG491,Seminar in Literature Since 1900,819
ESL006,Intensive Grammar,819
ESL007,Listening and Oral Communication/US Culture,819
ESL008,Reading Writing & Vocabulary,819
ESL009,Intensive Reading and Speaking Fluency,819
ESL016,Intensive Grammar,819
ESL017,Listening and Oral Communication/US Culture,819
ESL018,Reading Writing & Vocabulary,819
ESL019,Intensive Reading and Speaking Fluency,819
ESL099,Intermediate Reading Writing and Vocabulary,819
ESL100,College Writing,819
ESL101,Admissions Pathway Program Level I: Intermediate/Advanced Grammar and Writing,819
ESL102,Admissions Pathway Program Level II: Advanced Grammar and Writing,819
ESL103,Admissions Pathway Program Level I: Intermediate/ Advanced Reading Writing and Vocabulary,819
ESL104,Admissions Pathway Program Level II: Advanced Reading Writing and Vocabulary,819
ESP101,Environmental Science and Sustainability,819
ESP102,Fundamentals of Environmental Science Laboratory,819
ESP123,Quantitative Reasoning and the Environment,819
ESP125,Introduction to Environmental Ecology,819
ESP126,Introduction to Environmental Ecology Laboratory,819
ESP131,Northern Forest Canoe Trail,819
ESP150,Environmental Science Field Immersion Session,819
ESP197,Research Skills Lab,819
ESP200,Environmental Planning,819
ESP203,Environmental Communication,819
ESP207,Atmosphere: Science Climate and Change,819
ESP220,Introduction to Environmental Policy,819
ESP250,Soils and Land Use,819
ESP260,Soil and Water Conservation Engineering,819
ESP275,Energy Use and Societal Adaptation,819
ESP280,Research and Analytical Methods,819
ESP303,Wetlands Ecology,819
ESP304,Wetlands Ecology Laboratory,819
ESP305,Community Planning Workshop,819
ESP308,Global Environmental Problems and Sustainability,819
ESP311,Energy Efficiency,819
ESP313,Renewable Energy,819
ESP326,Environmental Economics,819
ESP327,Natural Resource Economics,819
ESP340,Environmental Regulations,819
ESP341,Freshwater Science,819
ESP350,Environmental Entomology,819
ESP360,Water Quality Assessment and Control,819
ESP375,Environmental Risk Assessment and Management,819
ESP389,Teaching Practicum,819
ESP400,Internship,819
ESP401,Environmental Impact Assessment and Lab,819
ESP412,Field Ecosystem Ecology,819
ESP413,Forest Ecology,819
ESP417,Site Planning and Assessment,819
ESP421,Natural Resource Policy,819
ESP445,Environmental Education and Interpretation,819
ESP450,Research Practicum,819
ESP470,Solid Waste Planning and Policy,819
ESP475,Topics in Environmental Science,819
ESP489,Grant Writing Seminar,819
FSP100,Introduction to Food Systems,819
FSP200,Food Power and Social Justice,819
FSP215,Entrepreneurship and the Business of Food,819
FSP225,Topics in Food Studies,819
FSP300,Food: History Culture Politics,819
FSP310,Food and the Environment,819
FSP311,Food Planning and Policy,819
FSP320,Poverty and Hunger,819
FSP395,Internship in Food Studies,819
FSP396,Food Studies Independent Study and Research,819
FRE101,Beginning French I,819
FRE102,Beginning French II,819
FRE150,Language Table,819
FRE201,Intermediate French I,819
FRE202,Intermediate French II,819
FRE300,Building Fluency in French,819
FRE301,Practical French I,819
FRE302,Practical French II,819
FRE416,The Linguistic Structure of French,819
GDS100,Game Design I: Introduction,819
GDS200,Game Design II: Collaborative Concepts Tools and Processes,819
GDS300,Game Design III: Practicum in Theory & Application,819
EGN101,Introduction to Engineering,819
EGN160,Introduction to Programming: The C Language,819
EGN181,Engineering Tools: Mathematica,819
EGN182,Engineering Tools: SolidWorks,819
EGN183,Engineering Tools: LabView,819
EGN184,Engineering Tools: Industrial Power,819
EGN185,Engineering Tools: C++ Programming,819
EGN186,Engineering Tools: MATLAB,819
EGN187,Engineering Tools: Circuit Simulation,819
EGN188,Engineering Tools: Materials Processing,819
EGN248,Introduction to Differential Equations and Linear Algebra,819
EGN260,Materials Science for Engineers,819
EGN301,Junior Design Project and the Engineering Profession,819
EGN304,Engineering Economics,819
EGN317,Introduction to Robotics,819
EGN325,Control Systems,819
EGN329,Electromechanical and Control Systems Laboratory,819
EGN394,Engineering Internship,819
EGN402,Senior Design Project,819
EGN403,Advanced Design Project,819
EGN446,Micro Electromechanical Systems,819
EGN481,Engineering Statistics,819
EGN482,Engineering Problem Solving,819
EGN497,Independent Study,819
EGN498,Advanced Topics in Engineering,819
GEO101,Human Geography,819
GEO102,Physical Geography,819
GEO103,Human-Environmental Geography,819
GEO104,World-Regional Geography,819
GEO105,Society Environment and Change,819
GEO107,Maps and Math,819
GEO108,Introduction to ArcGIS,819
GEO120,Geography of Maine,819
GEO170,Global History: Mapping the World Across Cultures,819
GEO203,Urban & Regional Development,819
GEO204,Coastal and Marine Geography,819
GEO209,Introduction to Land Use Planning,819
GEO210,Planning Maine Communities: Current Issues & Directions,819
GEO255,Making a Living: Workers in a Global Economy,819
GEO270,Mapping Environments and People: Data Visualization and Analysis,819
GEO295,Topics in Geography,819
GEO302,Gender Work and Space,819
GEO303,Economic Geography,819
GEO304,Arctic and North Atlantic Regions,819
GEO305,Remote Sensing,819
GEO308,GIS Applications I,819
GEO320,Conservation of Natural Resources,819
GEO340,Digital Mapping,819
GEO370,Maps Territory Power,819
GEO395,Topics in Geography,819
GEO408,GIS Applications II,819
GEO438,Independent Study in GIS,819
GEO445,Drone Mapping,819
GEO448,GIS Internship,819
GEO455,Gender Race and Class in the City,819
GEO458,Research Applications in GIS,819
GEO481,Megacities and Global Planning Issues,819
GEO495,Topics in Geography,819
GYA215,Culture and Place,819
GYA300,Archaeology Field School,819
GYA350,Internship in Applied Geography-Anthropology,819
GYA400,Independent Study in Anthropology or Geography,819
GEY100,Volcanoes Earthquakes & Moving Plates,819
GEY101,Lab Experiences in Geology,819
GER101,Beginning German I,819
GER102,Beginning German II,819
GER150,Language Table,819
GER201,Intermediate German I,819
GER202,Intermediate German II,819
GER300,Building Fluency in German,819
GRN300,Aging and the Family,819
GRN313,Health in Later Years,819
GRN315,Rehabilitation Services for Older Adult,819
GRN318,Adult Development and Aging,819
GRN390,Evaluation and Assessment of Older Adults,819
HIH201,Fundamentals of Homeopathy I,819
HIH202,Fundamentals of Homeopathy II,819
HIH203,Mindfulness-Based Stress Reduction,819
HIH261,Introduction to Naturopathic Medicine,819
HIH270,Holistic Approaches to Reproductive Health,819
HIH280,Holistic Health I,819
HIH281,Holistic Health II,819
HIH283,Healing and Spirituality,819
HIH284,Botanical Therapies,819
HIH288,Reiki: Energy Medicine,819
HIH300,Sustainable Compassion,819
HIH490,Therapeutic Touch,819
HRD200,Multicultural Human Development,819
HRD310,Aging and the Search for Meaning,819
HRD312,The Spiritual Challenges and Opportunities of Aging,819
HTY101,Origins of Mediterranean Civilizations to 750 CE,819
HTY102,World History 750 CE to Present,819
HTY131,United States History to 1877,819
HTY132,United States History Since 1877,819
HTY141,African American History to 1865,819
HTY142,African American History from 1865,819
HTY143,Native American History 1450-2000,819
HTY144,Indigenous Peoples in the Atlantic World,819
HTY152,The Islamic Near East,819
HTY161,Survey of Ancient and Medieval Africa,819
HTY162,Modern Africa,819
HTY171,Traditional East Asia,819
HTY172,Modern East Asia,819
HTY200,Reference Research and Report Writing,819
HTY300,History Internship,819
HTY303,History of the Ancient Near East and Greece,819
HTY304,History of Rome,819
HTY305,The Historical Jesus,819
HTY308,Polytheists Jews and Christians in the Roman Empire,819
HTY311,Medieval Civilization,819
HTY324,World Wars I and II: European War and Diplomacy,819
HTY326,History of the British Empire,819
HTY330,Germany: Bismarck To Hitler,819
HTY334,The Holocaust: Policy Practice Response,819
HTY335,Genocide in Our Time,819
HTY339,Global Women’s History,819
HTY345,African Americans and American Justice,819
HTY346,The Civil Rights Movement,819
HTY347,Race and the Politics of Mass Incarceration,819
HTY350,Colonial and Revolutionary America,819
HTY353,Gender in Native North America 1450-1850,819
HTY354,From Jefferson to Jackson,819
HTY356,Civil War and Reconstruction,819
HTY357,The Gilded Age in America 1869-1898,819
HTY358,Early Twentieth-Century United States 1898-1938,819
HTY360,History of Maine,819
HTY364,History of Women in the United States,819
HTY366,History of Religion in America,819
HTY374,Photographing American History,819
HTY375,History of American Popular Culture,819
HTY377,Chinese Thought: Confucianism Daoism and Zen Buddhism,819
HTY380,The 1960s,819
HTY388,Revolution of Modern China,819
HTY390,Traditional Japan: Court and Warriors,819
HTY391,Japan’s Rise and Fall as a World Power 1868-1945,819
HTY394,Selected Topics in History,819
HTY398,Independent Study in History,819
HTY400,Senior Seminar,819
ITA101,Beginning Italian I,819
ITA102,Beginning Italian II,819
ITA150,Language Table,819
ITA201,Intermediate Italian I,819
ITA202,Intermediate Italian II,819
ITP210,Technical Writing,819
ITP230,Project Management,819
ITP250,Management Information Systems,819
ITP280,Managing Organizations in a Technological Environment,819
ITP310,Facility Planning,819
ITP330,Supply Chain Management,819
ITP331,Agile/Adaptive Project Management,819
ITP340,Quality Management,819
ITP350,Leadership Teambuilding and Facilitation,819
ITP381,Human Resource Development,819
ITP410,Technical Operations and Strategies,819
ITP490,Operations Finance and Management Control,819
ITS320,Workplace Safety and Health Management Systems,819
ITT181,Computing Technologies,819
ITT200,Introduction to Cybersecurity,819
ITT231,Technical Visualization,819
ITT241,Information and Communication Technologies,819
ITT270,Introduction to Computer Hardware,819
ITT272,Networking I,819
ITT281,Internet Web Site Development,819
ITT311,Infrastructure Communication Systems,819
ITT342,Digital Publishing Technologies,819
ITT343,Graphic Communication Technologies,819
ITT344,Digital Video and Media Streaming Technologies,819
ITT362,Operating Systems Security,819
ITT363,Server Administration and Maintenance,819
ITT373,Networking II,819
ITT376,Network Defense,819
ITT382,Advanced Web Site Development,819
ITT383,Databases,819
ITT385,Integrative Programming,819
ITT400,Occupational Competency,819
ITT413,Ethical Hacking,819
ITT440,Internship,819
ITT444,Animation and Motion Imaging Technologies,819
ITT451,Cyber Laws Policies and Ethics,819
ITT453,Special Topics in Information Technology and Cybersecurity,819
ITT460,Capstone,819
ITT482,Computer Systems Forensics,819
ITT486,User Experience,819
ITT487,Operations Senior Seminar,819
ITT490,Directed Study,819
LAN101,Beginning Language I,819
LAN102,Beginning Language II,819
LAN150,Language Table,819
LAN201,Intermediate Language I,819
LAN202,Intermediate Language II,819
LAT101,Beginning Latin I,819
LAT102,Beginning Latin II,819
LAT201,Intermediate Latin I,819
LAT202,Intermediate Latin II,819
ASL398,Independent Study,819
FRE398,Independent Study,819
GER398,Independent Study,819
LIN105,Contrastive Analysis: ASL and English,819
LIN112,The Birth of a Language,819
LIN130,Language Revitalization and Reclamation Methodologies,819
LIN185,Language Mind and Society: An Introduction to Linguistics,819
LIN186,Introduction to Linguistics: Lab,819
LIN201,Language Acquisition,819
LIN203,Introduction to the Deaf World,819
LIN211,Anatomy and Physiology of the Speech and Hearing Mechanism,819
LIN212,Speech Science,819
LIN213,Introduction to Audiology,819
LIN236,Not Yet Ready for Prime Time Interpreter,819
LIN310,Signs of Language in the Brain,819
LIN311,Phonetics,819
LIN312,Phonology and Morphology,819
LIN313,Syntax,819
LIN316,Language Variation,819
LIN317,Two Languages One Mind: Introduction to Second Language Acquisition and Bilingualism,819
LIN331,ASL/English Interpreting,819
LIN332,Consecutive Interpreting and Deaf/Hearing Interpreter Teams,819
LIN333,Interpreting: Source Language ASL,819
LIN334,Interpreting: Source Language English,819
LIN336,Observational Internship,819
LIN394,Teaching Internship,819
LIN395,Research Internship,819
LIN398,Independent Study,819
LIN401,Foundations of Interpreting I,819
LIN402,Foundations of Interpreting II,819
LIN403,Foundations of Interpreting III,819
LIN404,Foundations of Interpreting IV,819
LIN409,Educational Interpreting,819
LIN410,Ethical Decision Making in ASL/English Interpreting,819
LIN413,Supervised Mentoring,819
LIN423,Seminar in Syntax,819
LIN425,Special Topics in ASL/English Interpreting,819
LIN426,Special Topics in Theoretical Linguistics,819
LIN431,Medical Interpreting I: The Essential Piece,819
LIN432,Medical Interpreting II: Interpreting Medical Terminology and Body Systems,819
LIN433,Medical Interpreting III: Hands-on Observation and Experience in Medical Contexts,819
LIN434,Pre-practicum,819
LIN435,Advanced Interpreting and Practicum I,819
LIN436,Practicum II,819
LIN490,Introduction to Language Research,819
LIN498,Thesis,819
WAB101,Beginning Wabanaki Language I,819
WAB102,Beginning Wabanaki Language II,819
WAB201,Intermediate Wabanaki Language I,819
WAB202,Intermediate Wabanaki Language II,819
LOS112,Microsoft Excel,819
LOS114,PowerPoint,819
LOS120,Statistics for Informed Decision Making,819
LOS210,Creative Critical Inquiry,819
LOS270,Introduction to Leadership,819
LOS299,Writing in the Major,819
LOS300,Organizational Theory,819
LOS301,Group Dynamics,819
LOS302,Organizational Behavior,819
LOS304,Organizational Budgeting and Finance,819
LOS310,Science Technology and Society,819
LOS312,Human Resource Management,819
LOS314,Employee Relations,819
LOS316,Diversity in Organizations,819
LOS317,New Media and Social Networking: Identity and Expression Online,819
LOS327,Leading through Conflict,819
LOS329,Research Methods,819
LOS330,Cultural Contexts,819
LOS336,Dealing with Difficult People and Behaviors,819
LOS345,Leadership and Film,819
LOS350,Leadership,819
LOS360,Innovation in Organizations,819
LOS361,Entrepreneurship,819
LOS387,Collegiate Leadership Competition,819
LOS398,Independent Study,819
LOS399,Special Topics,819
LOS400,Senior Seminar: Global Citizenship,819
LOS422,Leadership in the Public/Nonprofit Sectors,819
LOS436,Risk Public Policy and Society,819
LOS439,Women’s Ways of Leading: Building Partnerships Creating Change,819
LOS440,Leading Organizational Change,819
LOS462,Community Leadership and Civic Engagement,819
LOS470,Leadership Study Abroad,819
LSH240,Introducing the Humanities,819
LSH340,Topics in the Humanities,819
LSH398,Independent Study in the Humanities,819
LSH440,Capstone in the Humanities,819
MAT100,Mathematics Bridge,819
MAT101,Algebraic Bridge,819
MAT105,Mathematics for Quantitative Decision Making,819
MAT108,College Algebra,819
MAT120,Introduction to Statistics,819
MAT131,Number Systems for Elementary Teachers,819
MAT132,Quantitative Reasoning for Elementary School Teachers,819
MAT140,Pre-Calculus Mathematics,819
MAT145,Discrete Mathematics I,819
MAT148,Applied Calculus,819
MAT152,Calculus A,819
MAT153,Calculus B,819
MAT210,Business Statistics,819
MAT220,Statistics for the Biological Sciences,819
MAT231,Algebra for Elementary Teachers,819
MAT232,Geometry for Elementary Teachers,819
MAT242,Applied Problem Solving,819
MAT252,Calculus C,819
MAT264,Statistical Software Packages,819
MAT281,Introduction to Probability,819
MAT282,Statistical Inference,819
MAT290,Foundations of Mathematics,819
MAT295,Linear Algebra,819
MAT350,Differential Equations,819
MAT352,Real Analysis,819
MAT355,Complex Analysis,819
MAT364,Numerical Analysis,819
MAT366,Deterministic Models in Operations Research,819
MAT371,College Geometry,819
MAT380,Probability and Statistics,819
MAT383,System Modeling and Simulation,819
MAT386,Sampling Techniques,819
MAT387,Introduction to Applied/Biostatistical Methods,819
MAT392,Theory of Numbers,819
MAT395,Abstract Algebra,819
MAT460,Mathematical Modeling,819
MAT461,Stochastic Models in Operations Research,819
MAT470,Non-Euclidean Geometry,819
MAT484,Design and Analysis of Experiments,819
MAT485,Introduction to Applied Regression,819
MAT486,Introduction to Big Data Analytics,819
MAT488,Introduction to Data Mining,819
MAT490,Topology,819
MAT492,Graph Theory and Combinatorics,819
MAT496,Introduction to Data Science,819
MAT497,Independent Study in Mathematics,819
MAT498,Topics,819
MME400,Elementary Mathematics Methods,819
MME434,Secondary Mathematics Methods,819
MEE150,Applied Mechanics: Statics,819
MEE230,Thermodynamics I: Laws and Properties,819
MEE251,Strength of Materials,819
MEE259,Statics and Strength of Materials Laboratory,819
MEE270,Applied Mechanics: Dynamics,819
MEE331,Thermodynamics II: Flows and Cycles,819
MEE339,Thermodynamics Laboratory,819
MEE352,Composites,819
MEE353,Applied Stress Analysis,819
MEE356,Introduction to the Finite Element Method,819
MEE360,Fluid Mechanics,819
MEE361,Physical Metallurgy,819
MEE372,Computer-Aided Design of Machine Elements,819
MEE373,Design of Machines and Mechanisms,819
MEE374,Theory and Applications of Vibrations,819
MEE375,Engineering Acoustics,819
MEE379,Dynamics and Vibrations Laboratory,819
MEE432,Heat Transfer,819
MEE439,Fluid Mechanics and Heat Transfer Laboratory,819
MEE463,Aerodynamics,819
MIS201,Leadership Laboratory I,819
MIS202,Leadership Laboratory II,819
MIS213,Introduction to ROTC I,819
MIS214,Introduction to ROTC II,819
MIS225,History of the Army,819
MIS301,Self and Team Development I,819
MIS302,Self and Team Development II,819
MIS401,Leading Small Organizations I,819
MIS402,Leading Small Organizations II,819
MIS411,Leadership and Management I,819
MIS412,Leadership and Management II,819
MIS495,Officer Internship,819
MUE110,ProSeminar I,819
MUE111,Professional Foundations for Music Education,819
MUE113,Vocal Techniques for Instrumentalists,819
MUE150,ProSeminar II,819
MUE151,Brass Techniques,819
MUE152,Percussion Techniques,819
MUE210,ProSeminar III,819
MUE211,Teaching and Creative and Critical Listening PK-12,819
MUE250,ProSeminar IV,819
MUE251,Teaching Vocal Music PK-12,819
MUE252,Choral Conducting,819
MUE310,ProSeminar V,819
MUE311,Research and Evaluation,819
MUE312,Teaching Instrumental Music PK-12,819
MUE313,Instrumental Conducting,819
MUE314,Guitar Techniques,819
MUE315,Woodwind Techniques,819
MUE350,ProSeminar VI,819
MUE351,Teaching Improvisation in Music PK-12,819
MUE352,String Techniques,819
MUE410,ProSeminar VII,819
MUE411,Teaching Music Composition PK-12,819
MUE412,Woodwind Techniques,819
MUE450,Professional Internship,819
MUE451,Professional Portfolio,819
MUH105,Multi-Cultural Perspectives of American Popular Music and Jazz,819
MUH206,Jazz History,819
MUH220,Twentieth/Twenty-First Century Music,819
MUH222,Music History Survey 1,819
MUH223,Music History Survey 2,819
MUH320,Seminar in Music History,819
MUH321,Classical and Romantic Music,819
MUH325,The History of Musical Theatre in America,819
MUH329,Devils Dwarves and Dragons,819
MUP101,Applied Music,819
MUP102,Applied Music,819
MUP201,Applied Music,819
MUP202,Applied Music,819
MUP203,Applied Music,819
MUP390,Recital,819
MUP490,Senior Recital / Seminar,819
MUP491,Recital,819
MUS100,Music Appreciation and History,819
MUS101,USM Choir: University Chorale,819
MUS102,Music of the Portland Symphony,819
MUS103,Introduction to Jazz,819
MUS110,Fundamentals of Music,819
MUS150,Piano Class 1,819
MUS151,Piano Class 2,819
MUS202,Music in America,819
MUS204,Rock and Roll: Subversive or Submissive?,819
MUS205,Music in Film,819
MUS209,Dynamic Posture and Alignment,819
MUS210,Songwriting,819
MUS244,Basic Conducting,819
MUS250,Piano Class 3,819
MUS251,Piano Class 4,819
MUS252,Jazz Piano Class 1,819
MUS253,Jazz Piano Class 2,819
MUS256,Diction for Singers 1: Italian and French,819
MUS257,Diction for Singers 2: French and German,819
MUS271,Principles of Digital Audio and Music Production,819
MUS310,Organ Improvisation 1,819
MUS311,Organ Improvisation 2,819
MUS321,Literature of the Major Instrument,819
MUS322,Piano Literature 2,819
MUS323,Organ Literature 2,819
MUS337,Jazz Arranging,819
MUS360,Advanced Keyboard Skills 1,819
MUS361,Advanced Keyboard Skills 2,819
MUS371,Advanced Principles of Digital Audio and Music Production,819
MUS372,Pedagogy of the Major Instrument,819
MUS373,Piano Pedagogy 2,819
MUS374,Jazz Pedagogy,819
MUS376,Class Piano Teaching 1,819
MUS377,Class Piano Teaching 2,819
MUS378,Practicum in Piano Pedagogy 1,819
MUS379,Practicum in Piano Pedagogy 2,819
MUS380,Jazz Improvisation 1,819
MUS381,Jazz Improvisation 2,819
MUS400,Southern Maine Symphony Orchestra,819
MUS401,University Chorale,819
MUS402,University Concert Band,819
MUS404,Opera Workshop,819
MUS405,Chamber Singers,819
MUS406,Chamber Music,819
MUS407,Jazz Ensemble,819
MUS408,Wind Ensemble,819
MUS440,Studio Class,819
MUS442,Recital Class,819
MUS452,Accompanying,819
MUS480,Bibliography and Research in Music,819
MUS498,Independent Study in Music,819
MUT110,Music Theory 1,819
MUT111,Sight Singing and Aural Skills 1,819
MUT112,Music Theory 2,819
MUT113,Sight Singing and Aural Skills 2,819
MUT210,Music Theory 3,819
MUT211,Sight Singing and Aural Skills 3,819
MUT212,Music Theory 4,819
MUT213,Sight Singing and Aural Skills 4,819
MUT330,Form and Analysis,819
MUT332,Counterpoint,819
SCI104,Basic Photography,819
SCI105,Biological Principles I,819
SCI106,Laboratory Biology I,819
SCI107,Biological Principles II w/ Lab,819
SCI108,Chemistry for Health Sciences,819
SCI113,Principles of Chemistry I,819
SCI114,Laboratory Techniques I,819
SCI115,Principles of Chemistry II,819
SCI116,Laboratory Techniques II,819
SCI130,The Biology of Human Health with Lab,819
SCI140,Medical Terminology,819
SCI170,Human Anatomy and Physiology I,819
SCI171,Practical Human Anatomy and Physiology I,819
SCI172,Human Anatomy and Physiology II,819
SCI173,Practical Human Anatomy and Physiology II,819
SCI190,Beer: The Science & Art of Brewing,819
SCI199,Special Topics,819
SCI209,Human Genetics,819
SCI230,Environmental Science Policy and Sustainability with Lab,819
SCI231,Digital Photography,819
SCI240,Applied Botany w/Lab,819
SCI250,Applied Physics w/ Lab,819
SCI281,Microbiology for Health Sciences,819
SCI282,Microbiological Laboratory,819
SCI299,Special Topics,819
SCI305,Molecular Physiology w/ Lab,819
SCI315,Environmental Health,819
SCI336,Fundamentals of Public Health,819
SCI337,Introduction to Epidemiology,819
SCI345,Pathophysiology,819
SCI350,Science Projects,819
SCI351,Emerging Infectious Diseases: From AIDS to Zika,819
SCI355,Ecology w/ Lab,819
SCI359,Cancer and Society,819
SCI360,Sustainability Issues,819
SCI365,Marine and Coastal Biology w/Lab,819
SCI398,Independent Study,819
SCI399,Special Topics,819
SCI421,Natural Resource Policy,819
SCI431,Principles of Immunology,819
SCI440,Sustainability Projects,819
SCI450,Science in the Classroom,819
SCI470,Neurophysiology,819
NUR100,Introduction to Professional Nursing,819
NUR200,Introduction to Professional Nursing for Advanced Students,819
NUR211,Nursing Role for Accelerated B.S. Students,819
NUR300,Health Assessment,819
NUR301,Health Assessment Lab,819
NUR302,Pharmacology,819
NUR305,Fundamentals in Nursing Lab for Accelerated B.S. students,819
NUR306,Nursing Arts and Science,819
NUR307,Fundamentals in Nursing Lab,819
NUR308,Concepts of Professional Nursing Practice,819
NUR309,Health Assessment for RNs,819
NUR310,Health Assessment Lab for RNs,819
NUR313,Intermediate Nursing Skills Lab,819
NUR314,RN Credit Option,819
NUR318,Evidence-based Practice in Nursing,819
NUR319,Qualitative Inquiry in Nursing,819
NUR321,Health-Related Research,819
NUR323,Adult/Older Adult Health Nursing,819
NUR325,Adult/Older Adult Health Nursing Clinical,819
NUR326,Dominican Republic Community Nursing Partnership I Clinical,819
NUR327,Dominican Republic Community Nursing Partnership II Clinical,819
NUR328,Dominican Republic Community Nursing Partnership III Clinical,819
NUR330,Mental Health Nursing,819
NUR331,Mental Health Nursing Clinical,819
NUR332,Nursing Care of the Older Adult in the Community,819
NUR339,Community Nursing Partnerships I Clinical,819
NUR341,Community Nursing Partnerships II Clinical,819
NUR356,Concepts in Community Health,819
NUR370,Theory for Clinical Practice,819
NUR386,Geary Clinical Cooperative,819
NUR413,Advanced Nursing Skills Lab,819
NUR419,Community Nursing Partnerships for RNs Clinical,819
NUR420,Reproductive and Pediatric Nursing Lab,819
NUR421,Reproductive and Sexual Health Nursing,819
NUR422,Reproductive and Sexual Health Nursing Clinical,819
NUR423,Management of the Critically Ill Adult/Older Adult,819
NUR424,Clinically-Applied Genetics,819
NUR425,Management of the Critically Ill Adult/Older Adult Clinical,819
NUR427,Child Health Nursing,819
NUR428,Child Health Nursing Clinical,819
NUR436,Community Nursing Partnerships I for Accelerated B.S. Students Clinical,819
NUR437,Community Nursing Partnerships II for Accelerated B.S. Students Clinical,819
NUR470,Leadership and Ethics,819
NUR474,Professional Issues: Leadership Management and Organizations for RNs,819
NUR476,Theory Related to Clinical Specialty for RNs,819
NUR480,Practicum/Care Management Seminar and Clinical,819
NUR490,Capstone in Nursing,819
NUR497,Dominican Republic Directed Study,819
PHI105,Introduction to Philosophy: Philosophy Through Its History,819
PHI106,Why Philosophize?,819
PHI107,World Philosophy,819
PHI200,World Philosophy Day,819
PHI201,Public Philosophy,819
PHI205,Logic,819
PHI210,Ethical Theories,819
PHI211,Media Ethics,819
PHI212,Environmental Ethics,819
PHI220,Philosophy of Art and Visual Culture,819
PHI221,Philosophy of Film,819
PHI225,Philosophy of the Mind,819
PHI230,Philosophy of Religion,819
PHI235,Philosophy Social Media and Security,819
PHI240,Political Philosophy,819
PHI241,Philosophy & the Politics of Work,819
PHI245,Africa Social Justice and Exile,819
PHI250,Philosophy of Science,819
PHI260,Philosophy of Law,819
PHI270,Epistemology,819
PHI285,Biology Technology and Ethics,819
PHI290,Problems in Philosophy,819
PHI291,Death and Dying,819
PHI295,Medicine Madness and Disease,819
PHI310,History of Ancient Philosophy,819
PHI312,Morality in African Literature and Film,819
PHI315,Eastern Philosophy,819
PHI320,History of Medieval and Renaissance Philosophy,819
PHI330,The Enlightenment: Modern Philosophy from Descartes to Kant,819
PHI340,Individual and Society: Politics and Economics in Nineteenth-Century Philosophy,819
PHI350,American Philosophy,819
PHI355,Contemporary Feminism,819
PHI360,Existentialism,819
PHI370,Analytic Philosophy,819
PHI380,Contemporary Philosophy,819
PHI395,Philosophy Teaching Internship,819
PHI398,Independent Study,819
PHI400,Philosophy Topics Seminar,819
PHI405,Major Figure Seminar in Philosophy,819
PHI409,Research Seminar,819
PHI410,Senior Thesis,819
PHE106,NCAA Life Choices,819
PHE198,Physiology of Health Fitness,819
PHE203,Athletic Training for Coaches,819
PHE302,Coaching Philosophy and Fundamentals,819
PHE303,Coaching and Officiating Basketball,819
PHE309,Coaching and Officiating Track and Field,819
PHE311,Coaching and Officiating Soccer,819
PHE312,Coaching and Officiating Football,819
PHE314,Organization and Administration of Athletics,819
PHE315,Coaching and Officiating Field Hockey,819
PHE316,Coaching and Officiating Volleyball,819
PHE335,Coaching and Officiating Baseball,819
PHE336,Coaching and Officiating Softball,819
PHE391,Field Experience/Internship,819
PHE398,Independent Study in Physical Education,819
PHY101,Introduction to Physics,819
PHY102,Introduction to Physics Laboratory,819
PHY111,Elements of Physics I,819
PHY112,Elements of Physics II,819
PHY114,Introductory Physics Laboratory I,819
PHY116,Introductory Physics Laboratory II,819
PHY121,General Physics I,819
PHY123,General Physics II,819
PHY211,Modern Physics I,819
PHY213,Modern Physics II,819
PHY240,Intermediate Laboratory I,819
PHY242,Intermediate Laboratory II,819
PHY251,Principles of Electronics,819
PHY261,Computational Physics,819
PHY281,Astrophysics,819
PHY314,Statistical and Thermal Physics,819
PHY321,Classical Mechanics I,819
PHY323,Classical Mechanics II,819
PHY331,Electrodynamics I,819
PHY333,Electrodynamics II,819
PHY341,Quantum Mechanics,819
PHY375,Optics,819
PHY390,Independent Laboratory Study in Physics,819
PHY410,Independent Study or Internship in Physics,819
PPM395,Democracy and Public Policy,819
POS101,Introduction to American Government,819
POS102,People and Politics,819
POS104,Introduction to International Relations,819
POS120,Government and Politics of Maine,819
POS203,Introduction to Political Science Research,819
POS205,Introduction to Comparative Politics,819
POS209,The Global Politics of Soccer,819
POS245,French Politics and Government,819
POS256,Media and Politics,819
POS261,The American Congress,819
POS262,The American Presidency,819
POS280,Issues Before the United Nations,819
POS290,Introduction to Political Theory,819
POS310,Internet and Politics,819
POS312,The Politics of Nuclear Weapons,819
POS315,Media Law,819
POS333,Theories of Democratization,819
POS334,Race and Ethnicity in U.S. Politics,819
POS335,European Politics,819
POS338,Social Media and Revolutions,819
POS349,The Middle East in International Politics,819
POS352,Latino Politics,819
POS354,African Americans and American Justice,819
POS355,Race and the Politics of Mass Incarceration,819
POS360,Terrorism and the American Public,819
POS361,Public Administration,819
POS374,United States Foreign Policy,819
POS380,Topics,819
POS390,Ancient and Medieval Political Theory,819
POS392,American Political Thought I,819
POS393,American Political Thought II,819
POS394,A Year in the Life,819
POS395,Independent Study I,819
POS396,Independent Study II,819
POS405,The European Union,819
POS406,Research in the European Union,819
POS410,Urban Outcomes and the City Politics of Portland,819
POS445,MeMUNC Conference Planners,819
POS463,Supreme Court and Constitutional Law,819
POS464,American Civil Liberties,819
POS475,Political Science Internship,819
POS476,Internship in Washington D.C.,819
POS480,International Affairs Internship,819
PSY100,Introduction to Psychology,819
PSY201,Statistics in Psychology,819
PSY205,Experimental Methodology,819
PSY206,Methodology Lab,819
PSY220,Psychology of the Lifespan,819
PSY230,Social Psychology,819
PSY233,Abnormal Psychology,819
PSY315,Psychology of Human Sexuality,819
PSY316,Psychology of Gender,819
PSY317,Cross-Cultural Psychology,819
PSY318,Applied Behavior Analysis,819
PSY323,Psychology of Infancy and Childhood,819
PSY325,Psychology of Adulthood and Aging,819
PSY326,Psychology of Social and Linguistic Development,819
PSY338,Theories of Personality,819
PSY350,Psychology of Learning,819
PSY360,Cognitive Processes,819
PSY361,Sensation and Perception,819
PSY363,Human Factors in Regulatory Compliance and Social Policy,819
PSY365,Physiological Psychology,819
PSY366,Drugs Mind and Behavior,819
PSY368,Health Psychology,819
PSY371,History and Systems of Psychology,819
PSY375,Psychology in the Public Interest,819
PSY400,Independent Study,819
PSY401,Research Apprenticeship,819
PSY405,Teaching Apprenticeship,819
PSY410,Internship/Field Experience,819
BPH101,Introduction to the U.S. Health System,819
BPH160,Biology of Human Health,819
BPH161,Biology of Human Health,819
BPH201,Fundamentals of Public Health,819
BPH205,Health Communication and Marketing,819
BPH210,Health Disparities and Social Justice,819
BPH315,Population Health Improvement,819
BPH320,Methods of Public Health Research,819
BPH337,Introduction to Epidemiology,819
BPH339,Topics in Public Health (MPH 539),819
BPH450,Analysis of Public Health Data with Lab (MPH 550),819
BPH499,Field Experience,819
RCE100,Introduction to Race & Ethnic Studies,819
RCE150,Introduction to Race,819
RCE200,Introduction to Critical Race Theory,819
RCE330,Perspectives on Father Involvement,819
REC110,Foundations of Recreation and Leisure Studies,819
REC121,Introduction to Therapeutic Recreation Services,819
REC190,Yoga and Nutrition,819
REC219,Lifetime Physical Fitness and Wellness,819
REC223,Introduction to Nature Tourism,819
REC226,Lifetime Leisure Activities,819
REC231,Expressive Arts Programming,819
REC232,Methods in Therapeutic Recreation Program Design,819
REC233,Outdoor Recreation,819
REC241,Recreation Leadership,819
REC253,Implications of Disabling Conditions for Therapeutic Recreation,819
REC285,Perspectives on Animal-Assisted Therapy,819
REC311,Psychosocial Interventions for Older Adults,819
REC314,Wellness Education and Counseling,819
REC324,Inclusive and Special Recreation,819
REC367,Adventure Based Counseling,819
REC382,Assessment and Documentation in Therapeutic Recreation,819
REC383,Facilitation Techniques in Therapeutic Recreation,819
REC386,Recreation Facility Design and Maintenance,819
REC390,Topics in Recreation and Leisure Studies,819
REC398,Independent Study,819
REC494,Professional Foundations of Therapeutic Recreation Practice,819
REC495,Internship,819
REC498,Management and Professional Development in Therapeutic Recreation,819
RHF106,Ballroom Dance,819
RHF109,Beginning Weight Training,819
RHF118,Yoga,819
RHF121,Self Defense,819
RHF122,Aerobic Kickboxing,819
RHF123,Introduction to Sea Kayaking,819
RHF124,T’ai Chi Qigong,819
RHF126,Stability and Physio-Ball Exercise,819
RHF131,Indoor Cycling Instructor Preparation,819
RHF218,Yoga Fusion,819
REL240,Meaning Morality and Religion,819
RMI295,Internship in Risk Management and Insurance,819
RMI320,Introduction to Risk Management and Insurance,819
RMI330,Health Life and Disability Insurance,819
RMI350,Corporate Risk Management and Insurance,819
RMI395,Internship I,819
RMI396,Internship II,819
RSP100,Russell Scholars College Writing,819
RSP101,Russell Scholars Creative Writing,819
RSP102,Russell Scholars Academic Writing,819
RSP103,Russell Scholars Seminar: Culture Community and the Environment,819
RSP110,Russell Scholars Learning Community Laboratory,819
RSP111,Russell Scholars Learning Community Laboratory,819
RSP199,Russell Scholars Topics,819
RSP204,The Gulf of Maine: Archaeology Ecology and Environmental Change,819
RSP205,Exploring Culture On Campus & Off,819
RSP210,Russell Scholars Learning Community Laboratory,819
RSP211,Russell Scholars Learning Community Laboratory,819
RSP299,Topics in RSP,819
RSP310,Russell Scholars Learning Community Laboratory,819
RSP311,Russell Scholars Learning Community Laboratory,819
RSP325,Into the Wild: Environmental Thinking 1960-the present,819
RSP400,Russell Scholars Independent Study,819
RSP402,Russell Scholars Capstone Seminar: Community and Commitment,819
RSP410,Russell Scholars Learning Community Lab,819
RSP411,Russell Scholars Learning Community Lab,819
SOC100,Introduction to Sociology,819
SOC210,Critical Thinking about Social Issues,819
SOC300,Sociological Theory,819
SOC301,Qualitative Research Methods,819
SOC307,Quantitative Research Methods,819
SOC315,Self and Society,819
SOC316,Sociology of Gender,819
SOC327,Social Movements,819
SOC330,Sociology of the Family,819
SOC331,School and Society,819
SOC333,Medical Sociology,819
SOC336,Law and Society,819
SOC348,Sociology of Work,819
SOC355,Politics and Society,819
SOC358,Sociology of Women’s Work,819
SOC363,Food Culture and Society,819
SOC365,Sociology of the Body,819
SOC370,Sociology of the Environment,819
SOC371,Sociology of Race and Ethnicity,819
SOC379,Sociology of Indigenous Peoples,819
SOC380,Topics in Sociology,819
SOC390,Individualized Instruction I,819
SOC391,Individualized Instruction II,819
SOC395,Internship,819
SOC410,Sociology Capstone,819
SOC450,Undergraduate Teaching Assistantship,819
SOJ101,Social Justice / Social Change,819
SWO150,Professional Writing Laboratory for Social Workers,819
SWO201,Introduction to Social Work,819
SWO250,Introduction to Social Welfare,819
SWO333,Social Work Research I,819
SWO334,Social Work Research II,819
SWO344,Costa Rica Immersion: Social Work Perspectives on Culture Language and Service-Learning,819
SWO350,Social Welfare Policy,819
SWO365,Examining Oppression and Valuing Diversity,819
SWO370,Human Behavior in the Social Environment,819
SWO374,Sexual Harassment in Education and Work,819
SWO375,Gender and Aging,819
SWO383,Social Work with Immigrants Refugees and Asylum Seekers,819
SWO388,Addictions & Substance Use: Critical Analysis Theory and Best Practice,819
SWO393,Methods of Social Work Practice I,819
SWO397,Independent Study,819
SWO399,Topics in Social Work,819
SWO402,Methods of Social Work Practice II,819
SWO403,Methods of Social Work Practice III,819
SWO411,Field Work I,819
SWO412,Field Work II,819
SBS122,A Regulated Society,819
SBS199,Topics,819
SBS200,Multicultural Human Development,819
SBS210,Me in 3D: Introduction to Social and Behavioral Sciences,819
SBS220,U.S. Democracy Origins and Development,819
SBS300,Deviance and Social Control,819
SBS301,Group Dynamics,819
SBS302,Organizational Behavior,819
SBS303,Abnormal Psychology,819
SBS304,Food and Culture,819
SBS305,Child and Adolescent Development,819
SBS308,Medical Anthropology,819
SBS310,Childhood and Society,819
SBS311,Theories of Personality,819
SBS315,Social Psychology of Disability,819
SBS316,Diversity in Organizations,819
SBS329,Research Methods,819
SBS332,Death Dying and Denial,819
SBS334,Spirituality,819
SBS335,Legal Issues in Health and Human Services,819
SBS336,Fundamentals of Public Health,819
SBS337,Introduction to Epidemiology,819
SBS339,Immigration Ethnicity and Identity,819
SBS341,The Family,819
SBS343,Substance Use Disorders,819
SBS344,Violence: Causes and Control,819
SBS345,Diversity: Many Voices,819
SBS346,Introduction to Social Services,819
SBS348,Responding to Mental Health Crisis in the Community,819
SBS349,Trauma and Narrative,819
SBS350,Psychosocial Disorders in Childhood and Adolescence,819
SBS358,Representations of Motherhood,819
SBS362,Understanding Regulation: Applying Scissors to Red Tape,819
SBS363,Human Factors in Regulation,819
SBS364,Introduction to Creative Modalities,819
SBS368,Transitioning Cultures: Ethical Conflicts in Post-Military Life,819
SBS370,Toward a Global Ethics,819
SBS375,Infant Mental Health and Attachment,819
SBS390,Brain and Behavior,819
SBS398,Independent Study,819
SBS399,Special Topics,819
SBS411,Counseling and Psychotherapy,819
SBS413,Exploring Careers and Job Search Skills,819
SBS420,Mindfulness,819
SBS430,Applied Social and Public Policy,819
SBS436,Risk Public Policy and Society,819
SBS447,Internship,819
SBS470,Study Abroad,819
SPA101,Beginning Spanish I,819
SPA102,Beginning Spanish II,819
SPA150,Language Table,819
SPA201,Intermediate Spanish I,819
SPA202,Intermediate Spanish II,819
SPA300,Building Fluency in Spanish,819
SPA301,Practical Spanish I,819
SPA302,Practical Spanish II,819
SPA398,Independent Study,819
SPA416,The Linguistic Structure of Spanish,819
ADS300,Ethics & Serving Individuals with Disabilities,819
SED235,Students with Exceptionalities in General Education,819
SED300,Ethics and Serving Individuals with Disabilities,819
SED420,Multi-Tiered Systems Support (MTSS) in Education,819
SED425,Multi-Tier Mathematics Instruction and Assessment,819
SED427,Multi-Tier Reading Instruction and Assessment,819
SPM100,Introduction to Exercise Health and Sport Sciences,819
SPM101,Basic Life Support and First Aid 1,819
SPM102,Basic Life Support and First Aid 2,819
SPM210,Clinical Athletic Training Principles I,819
SPM211,Protective Taping and Wrapping,819
SPM219,Lifetime Physical Fitness and Wellness,819
SPM230,Psychology of Physical Activity and Sport,819
SPM260,Introduction to Personal Training,819
SPM265,Therapeutic Modalities,819
SPM270,Athletic Training Clinic I,819
SPM302,Pharmacology for Athletic Training and Exercise Science,819
SPM310,Athletic Training Principles II,819
SPM325,Methods of Resistance Training and Conditioning,819
SPM330,Physiology of Exercise,819
SPM340,Therapeutic Exercise,819
SPM350,Health Promotion Programs,819
SPM352,Nutrition for Physical Performance,819
SPM370,Athletic Training Clinic II,819
SPM371,Athletic Training Clinic III,819
SPM381,Kinesiology,819
SPM390,Biomechanics,819
SPM398,Independent Study,819
SPM410,Athletic Training Principles III,819
SPM430,Exercise Testing Assessment and Prescription,819
SPM431,Advanced Exercise Physiology,819
SPM440,Manual Therapy,819
SPM450,Exercise for Special Populations,819
SPM470,Athletic Training Clinic IV,819
SPM477,Health Research Methods,819
SPM480,Organization and Administration of Athletic Training,819
SPM485,Senior Thesis I,819
SPM486,Senior Thesis II,819
SPM495,Clinical Internship,819
TAH101,Introduction to Tourism & Hospitality,819
TAH150,Professional Practices Immersion in Tourism & Hospitality,819
TAH211,Tourism Entrepreneurship,819
TAH221,Hospitality Management,819
TAH222,Food and Beverage Management,819
TAH224,Off-site Catering,819
TAH226,Wellness Tourism,819
TAH228,Introduction to the Craft Beer Sector,819
TAH241,Sustainable Tourism Development,819
TAH250,Nature Tourism,819
TAH261,Cultural Tourism,819
TAH264,Culinary Tourism,819
TAH299,Topics in Tourism & Hospitality,819
TAH301,Global Issues in Travel & Tourism,819
TAH302,Tourism Research Methods,819
TAH305,Culture & Communication in the Travel Industry,819
TAH307,Field Study in Tourism & Hospitality,819
TAH309,Tourism & Hospitality Internship,819
TAH311,Event Management,819
TAH312,Tour Planning & Management,819
TAH320,Green Meetings and Events,819
TAH321,Lodging Operations & Systems,819
TAH331,Sustainable Hospitality Management,819
TAH361,Local Food & Agritourism,819
TAH399,Advanced Topics in Tourism & Hospitality,819
TAH409,Capstone: Tourism & Hospitality Internship,819
TAH415,Trends & Innovation in Tourism and Hospitality,819
TAH422,Hospitality Law and HR,819
TAH424,Hospitality Financial Management,819
TAH426,Beverage Operations,819
TAH432,Sustainable Tourism Policy & Planning,819
TAH497,Independent Study in Tourism & Hospitality,819
THE101,Introduction to Theatre and Text Analysis,819
THE102,Acting for Non-Majors,819
THE104,Practicum in Costuming,819
THE105,Practicum in Stage Lighting,819
THE106,Practicum in Stagecraft,819
THE115,Math & the Theatre Arts,819
THE122,Introduction to Acting,819
THE136,Fundamentals of Design,819
THE139,Theatrical Make-up,819
THE141,Theatre Workshop I,819
THE142,Theatre Workshop II,819
THE170,Public Speaking,819
THE175,Oral Interpretation of Texts,819
THE180,Topics in Theatre,819
THE190,Rehearsal and Production,819
THE201,Cultural History of Theatre,819
THE220,Scene Study,819
THE221,Voice and Speech for the Actor,819
THE222,Movement for the Actor,819
THE224,Acting for the Camera,819
THE232,Introduction to Stage Management,819
THE234,Performance Business,819
THE235,Theatrical Drafting,819
THE236,Practicum in Design,819
THE250,Playwriting,819
THE271,Creative Drama,819
THE280,Topics in Theatre,819
THE290,Advanced Rehearsal and Production,819
THE303,Musical Theatre Performance,819
THE321,Advanced Acting,819
THE325,Directing,819
THE330,Dramaturgy: Creative Research Development and Critique,819
THE331,Scene Design,819
THE334,Costume Design,819
THE335,Lighting Design,819
THE337,Sound Design,819
THE351,Dramatic Literature and History of Classical Theatre,819
THE352,Dramatic Literature and History of Modern Theatre,819
THE375,Performance Art,819
THE380,Topics in Theatre,819
THE420,Acting: Styles,819
THE421,Topics in Acting and Performance,819
THE430,Topics in Design,819
THE434,Advanced Design for the Theatre,819
THE451,Topics in Dramatic Literature and Theatre History,819
THE490,Independent Study,819
THE491,Independent Project,819
THE492,Theatre Internship,819
THE495,Theatre Capstone,819
THE496,External Experience,819
WGS101,Introduction to Women and Gender Studies,819
WGS201,Rethinking Gender & Culture,819
WGS220,Topics in Women and Gender Studies,819
WGS235,Topics in Science Technology and Health I,819
WGS245,Topics in Culture and the Arts I,819
WGS255,Topics in History and Resistance I,819
WGS265,Topics in Gender and Institutions I,819
WGS320,Advanced Topics in Women and Gender Studies,819
WGS335,Topics in Science Technology and Health II,819
WGS345,Topics in Culture and the Arts II,819
WGS355,Topics in History and Resistance II,819
WGS365,Topics in Gender and Institutions II,819
WGS380,The Politics of Difference,819
WGS390,Contemporary Feminist Theories,819
WGS420,Advanced Topics in Women and Gender Studies,819
WGS435,Topics in Science Technology and Health III,819
WGS445,Topics in Culture and the Arts III,819
WGS455,Topics in History and Resistance III,819
WGS465,Topics in Gender and Institutions III,819
WGS470,Independent Study,819
WGS484,Feminist Thesis Workshop,819
WGS485,Internship,819
WGS486,Thesis,819
WGS490,Capstone Experience in Women and Gender Studies,819
