query,title,url
Analysis of Archaeological Materials course resources PDF OR lecture notes OR open courseware,zhihu.comhttps://www.zhihu.com › question,https://www.bing.com/ck/a?!&&p=38ed44fa0993b5d801dac886a8077b25269bd6fca5be23c89b6423e6c863ef2eJmltdHM9MTc2MjMwMDgwMA&ptn=3&ver=2&hsh=4&fclid=3456fd3c-d6b5-65f3-3dcc-eba0d71e645b&u=a1aHR0cHM6Ly93d3cuemhpaHUuY29tL3F1ZXN0aW9uLzY0NjM2ODcxNzQ&ntb=1
Analysis of Archaeological Materials course resources PDF OR lecture notes OR open courseware,zhihu.comhttps://www.zhihu.com,https://www.bing.com/ck/a?!&&p=c8c6e9451301c08471942613d391e19c30bc4e1976222a99041108ac8d0c43f6JmltdHM9MTc2MjMwMDgwMA&ptn=3&ver=2&hsh=4&fclid=3456fd3c-d6b5-65f3-3dcc-eba0d71e645b&u=a1aHR0cHM6Ly93d3cuemhpaHUuY29tLw&ntb=1
Analysis of Archaeological Materials course resources PDF OR lecture notes OR open courseware,reddit.comhttps://www.reddit.com › ChatGPTPro › comments › what_is_the_limit_f…,https://www.bing.com/ck/a?!&&p=973fc1963c2861fac5d3dc3456e4e79b5e9c2a92b4923b443a0e320dc274d6f1JmltdHM9MTc2MjMwMDgwMA&ptn=3&ver=2&hsh=4&fclid=3456fd3c-d6b5-65f3-3dcc-eba0d71e645b&u=a1aHR0cHM6Ly93d3cucmVkZGl0LmNvbS9yL0NoYXRHUFRQcm8vY29tbWVudHMvMWRqdnpmZi93aGF0X2lzX3RoZV9saW1pdF9mb3JfbnVtYmVyX29mX2ZpbGVzX2FuZF9kYXRhLw&ntb=1
Analysis of Archaeological Materials course resources PDF OR lecture notes OR open courseware,reddit.comhttps://www.reddit.com,https://www.bing.com/ck/a?!&&p=00c98fa78b08d409202a1818c757abff04051662550b1dd7740231b04aa58bdcJmltdHM9MTc2MjMwMDgwMA&ptn=3&ver=2&hsh=4&fclid=3456fd3c-d6b5-65f3-3dcc-eba0d71e645b&u=a1aHR0cHM6Ly93d3cucmVkZGl0LmNvbS9yL0YxRGF0YUFuYWx5c2lzLw&ntb=1
Analysis of Archaeological Materials course resources PDF OR lecture notes OR open courseware,reddit.comhttps://www.reddit.com › chess › comments › heres_how_to_use_liches…,https://www.bing.com/ck/a?!&&p=bb89499f501b27f451a63932502259f2012247dfba603f995eefcbb8e76bf2a0JmltdHM9MTc2MjMwMDgwMA&ptn=3&ver=2&hsh=4&fclid=3456fd3c-d6b5-65f3-3dcc-eba0d71e645b&u=a1aHR0cHM6Ly93d3cucmVkZGl0LmNvbS9yL2NoZXNzL2NvbW1lbnRzL3Jhd2Q2bS9oZXJlc19ob3dfdG9fdXNlX2xpY2hlc3NfYW5hbHlzaXNfZWZmZWN0aXZlbHkv&ntb=1
Environmental Archaeology course resources PDF OR lecture notes OR open courseware,epa.govhttps://www.epa.gov,https://www.epa.gov/
Environmental Archaeology course resources PDF OR lecture notes OR open courseware,epa.govhttps://www.epa.gov › in,https://www.epa.gov/in
Environmental Archaeology course resources PDF OR lecture notes OR open courseware,epa.govhttps://www.epa.gov › environmental-topics,https://www.epa.gov/environmental-topics
Environmental Archaeology course resources PDF OR lecture notes OR open courseware,epa.govhttps://www.epa.gov › laws-regulations,https://www.epa.gov/laws-regulations
Environmental Archaeology course resources PDF OR lecture notes OR open courseware,who.inthttps://www.who.int › health-topics › environmental-health,https://www.who.int/health-topics/environmental-health
"Ethnography: Methods, Ethics, and Practice course resources PDF OR lecture notes OR open courseware",icity.lyhttps://art.icity.ly › museums,https://www.bing.com/ck/a?!&&p=67163397ed7cc80c202522a3bf42ec14757967d1884e3afddb3c598869e2fef2JmltdHM9MTc2MjMwMDgwMA&ptn=3&ver=2&hsh=4&fclid=0110d2c9-6003-6a0a-07ff-c45561fd6b20&u=a1aHR0cHM6Ly9hcnQuaWNpdHkubHkvbXVzZXVtcy9oNnNidTQ3&ntb=1
"Ethnography: Methods, Ethics, and Practice course resources PDF OR lecture notes OR open courseware",semester.lyhttps://jhu.semester.ly,https://www.bing.com/ck/a?!&&p=bdd3d1e89a970b9ba3982e29424be7829496f2a63231aaa319b930171e4f299aJmltdHM9MTc2MjMwMDgwMA&ptn=3&ver=2&hsh=4&fclid=0110d2c9-6003-6a0a-07ff-c45561fd6b20&u=a1aHR0cHM6Ly9qaHUuc2VtZXN0ZXIubHkvYy9BUy4wNzAuNjMy&ntb=1
"Ethnography: Methods, Ethics, and Practice course resources PDF OR lecture notes OR open courseware",sebhau.edu.lyhttps://sebhau.edu.ly › lang › course-descriptions,https://www.bing.com/ck/a?!&&p=9c79cef50196a36b64bd200fa2b2aa86e4250b903f8d6a5354ba67f7dae67d30JmltdHM9MTc2MjMwMDgwMA&ptn=3&ver=2&hsh=4&fclid=0110d2c9-6003-6a0a-07ff-c45561fd6b20&u=a1aHR0cHM6Ly9zZWJoYXUuZWR1Lmx5L2xhbmcvY291cnNlLWRlc2NyaXB0aW9ucy8&ntb=1
"Ethnography: Methods, Ethics, and Practice course resources PDF OR lecture notes OR open courseware",uob.edu.lyhttps://journals.uob.edu.ly › JOFOA › article › view,https://www.bing.com/ck/a?!&&p=7f2f370c738c5baed72c8bbe75e864504a65df1cec30016d8a88c5e7d7128e1aJmltdHM9MTc2MjMwMDgwMA&ptn=3&ver=2&hsh=4&fclid=0110d2c9-6003-6a0a-07ff-c45561fd6b20&u=a1aHR0cHM6Ly9qb3VybmFscy51b2IuZWR1Lmx5L0pPRk9BL2FydGljbGUvdmlldy81OTMxLw&ntb=1
"Ethnography: Methods, Ethics, and Practice course resources PDF OR lecture notes OR open courseware",icity.lyhttps://art.icity.ly › museums,https://www.bing.com/ck/a?!&&p=386364f3738e4739351f96924c22f4d00212ca90641c79121493ccab1508cd07JmltdHM9MTc2MjMwMDgwMA&ptn=3&ver=2&hsh=4&fclid=0110d2c9-6003-6a0a-07ff-c45561fd6b20&u=a1aHR0cHM6Ly9hcnQuaWNpdHkubHkvbXVzZXVtcy9zc2tiM2Rz&ntb=1
Anthropology & the Museum course resources PDF OR lecture notes OR open courseware,britannica.comhttps://www.britannica.com › science › anthropology,https://www.bing.com/ck/a?!&&p=85e1a296065c3b07975587c7a837a3107f48e17eddc7baa25e86b9562b2f3d35JmltdHM9MTc2MjMwMDgwMA&ptn=3&ver=2&hsh=4&fclid=28e7ee5c-cbac-610d-3542-f8c0ca5460a1&u=a1aHR0cHM6Ly93d3cuYnJpdGFubmljYS5jb20vc2NpZW5jZS9hbnRocm9wb2xvZ3k&ntb=1
Anthropology & the Museum course resources PDF OR lecture notes OR open courseware,britannica.comhttps://www.britannica.com › summary › anthropology,https://www.bing.com/ck/a?!&&p=eee682f2d0d9528fab92a747710ff194e8ab92240fe226bd361773b70f80e90aJmltdHM9MTc2MjMwMDgwMA&ptn=3&ver=2&hsh=4&fclid=28e7ee5c-cbac-610d-3542-f8c0ca5460a1&u=a1aHR0cHM6Ly93d3cuYnJpdGFubmljYS5jb20vc3VtbWFyeS9hbnRocm9wb2xvZ3k&ntb=1
Anthropology & the Museum course resources PDF OR lecture notes OR open courseware,britannica.comhttps://www.britannica.com › science › anthropology › The-major-branch…,https://www.bing.com/ck/a?!&&p=b06e70c766f246ed32f33ef12728674078cda0f479e326b6e4485530c260eaf4JmltdHM9MTc2MjMwMDgwMA&ptn=3&ver=2&hsh=4&fclid=28e7ee5c-cbac-610d-3542-f8c0ca5460a1&u=a1aHR0cHM6Ly93d3cuYnJpdGFubmljYS5jb20vc2NpZW5jZS9hbnRocm9wb2xvZ3kvVGhlLW1ham9yLWJyYW5jaGVzLW9mLWFudGhyb3BvbG9neQ&ntb=1
Anthropology & the Museum course resources PDF OR lecture notes OR open courseware,britannica.comhttps://www.britannica.com › science › anthropology › Social-and-cultura…,https://www.bing.com/ck/a?!&&p=4f8ad775fb2f9ed1e9881a647e257a6702fafa71c2e0d47fb881bd5fdb327d36JmltdHM9MTc2MjMwMDgwMA&ptn=3&ver=2&hsh=4&fclid=28e7ee5c-cbac-610d-3542-f8c0ca5460a1&u=a1aHR0cHM6Ly93d3cuYnJpdGFubmljYS5jb20vc2NpZW5jZS9hbnRocm9wb2xvZ3kvU29jaWFsLWFuZC1jdWx0dXJhbC1hbnRocm9wb2xvZ3k&ntb=1
Anthropology & the Museum course resources PDF OR lecture notes OR open courseware,britannica.comhttps://www.britannica.com › science › anthropology › World-anthropology,https://www.bing.com/ck/a?!&&p=93e262472929ec3e5d9413d8107b3fbc7ac5e3a643a7d5c24c9fbb96a9a264a3JmltdHM9MTc2MjMwMDgwMA&ptn=3&ver=2&hsh=4&fclid=28e7ee5c-cbac-610d-3542-f8c0ca5460a1&u=a1aHR0cHM6Ly93d3cuYnJpdGFubmljYS5jb20vc2NpZW5jZS9hbnRocm9wb2xvZ3kvV29ybGQtYW50aHJvcG9sb2d5&ntb=1
International Development course resources PDF OR lecture notes OR open courseware,internationaltrucks.comhttps://mexico.internationaltrucks.com,https://www.bing.com/ck/a?!&&p=7ae056816b9bef4d33d9cf1c921cb1d4868f1dd610967ba5250f07125c15659eJmltdHM9MTc2MjMwMDgwMA&ptn=3&ver=2&hsh=4&fclid=225173e2-0a19-679d-161a-657e0b77660d&u=a1aHR0cHM6Ly9tZXhpY28uaW50ZXJuYXRpb25hbHRydWNrcy5jb20v&ntb=1
International Development course resources PDF OR lecture notes OR open courseware,internationaltrucks.comhttps://mexico.internationaltrucks.com › distribuidores,https://www.bing.com/ck/a?!&&p=afa2bb60dfc4f4e30146fe4857043f25840867d13e93e5fbc56f45443457d064JmltdHM9MTc2MjMwMDgwMA&ptn=3&ver=2&hsh=4&fclid=225173e2-0a19-679d-161a-657e0b77660d&u=a1aHR0cHM6Ly9tZXhpY28uaW50ZXJuYXRpb25hbHRydWNrcy5jb20vZGlzdHJpYnVpZG9yZXMtaW50ZXJuYXRpb25hbA&ntb=1
International Development course resources PDF OR lecture notes OR open courseware,internationaltrucks.comhttps://mexico.internationaltrucks.com › nosotros,https://www.bing.com/ck/a?!&&p=9849bb9f7f4a46fa0ef3e5089946ca43f494f9fecd763bee1f5f499cb07292d0JmltdHM9MTc2MjMwMDgwMA&ptn=3&ver=2&hsh=4&fclid=225173e2-0a19-679d-161a-657e0b77660d&u=a1aHR0cHM6Ly9tZXhpY28uaW50ZXJuYXRpb25hbHRydWNrcy5jb20vbm9zb3Ryb3M&ntb=1
International Development course resources PDF OR lecture notes OR open courseware,internationaltrucks.comhttps://mexico.internationaltrucks.com › camiones-de-carga,https://www.bing.com/ck/a?!&&p=e72cf6e7939b450878796a67ef99423b9808e30a6c7db3d72d5148fca84e1327JmltdHM9MTc2MjMwMDgwMA&ptn=3&ver=2&hsh=4&fclid=225173e2-0a19-679d-161a-657e0b77660d&u=a1aHR0cHM6Ly9tZXhpY28uaW50ZXJuYXRpb25hbHRydWNrcy5jb20vY2FtaW9uZXMtZGUtY2FyZ2E&ntb=1
International Development course resources PDF OR lecture notes OR open courseware,internationaltrucks.comhttp://www.360.internationaltrucks.com,https://www.bing.com/ck/a?!&&p=796ebdaa94cb712525bed0c8bbce65085d614a9060a434f6557349f47178d31cJmltdHM9MTc2MjMwMDgwMA&ptn=3&ver=2&hsh=4&fclid=225173e2-0a19-679d-161a-657e0b77660d&u=a1aHR0cDovL3d3dy4zNjAuaW50ZXJuYXRpb25hbHRydWNrcy5jb20v&ntb=1
Public Archaeology course resources PDF OR lecture notes OR open courseware,public.comhttps://public.com,https://www.bing.com/ck/a?!&&p=9527660a11c29c6b8bb20521974a6b3c2e42ec4eecb0a058ca718002c9c80369JmltdHM9MTc2MjMwMDgwMA&ptn=3&ver=2&hsh=4&fclid=270a418a-6dc7-6941-2891-57166c3e6870&u=a1aHR0cHM6Ly9wdWJsaWMuY29tLw&ntb=1
Public Archaeology course resources PDF OR lecture notes OR open courseware,public.comhttps://public.com › login,https://www.bing.com/ck/a?!&&p=c0d89265d597453cec56acf315b337ffc597fcaded2fd3137fd5261f31d7397cJmltdHM9MTc2MjMwMDgwMA&ptn=3&ver=2&hsh=4&fclid=270a418a-6dc7-6941-2891-57166c3e6870&u=a1aHR0cHM6Ly9wdWJsaWMuY29tL2xvZ2lu&ntb=1
Public Archaeology course resources PDF OR lecture notes OR open courseware,public.comhttps://public.com › invest › stocks,https://www.bing.com/ck/a?!&&p=dc3e54b9a5774be27748d7489ec0ba0e2c0c9d06d581756fb8a4ca4b99825005JmltdHM9MTc2MjMwMDgwMA&ptn=3&ver=2&hsh=4&fclid=270a418a-6dc7-6941-2891-57166c3e6870&u=a1aHR0cHM6Ly9wdWJsaWMuY29tL2ludmVzdC9zdG9ja3M&ntb=1
Public Archaeology course resources PDF OR lecture notes OR open courseware,public.comhttps://public.com › about-us,https://www.bing.com/ck/a?!&&p=723fd25a00cf2169de55788ccd097e0c2ce8eb9afe7a590a267c6e2ca6fc66c8JmltdHM9MTc2MjMwMDgwMA&ptn=3&ver=2&hsh=4&fclid=270a418a-6dc7-6941-2891-57166c3e6870&u=a1aHR0cHM6Ly9wdWJsaWMuY29tL2Fib3V0LXVz&ntb=1
Public Archaeology course resources PDF OR lecture notes OR open courseware,public.comhttps://public.com › high-yield-cash-account,https://www.bing.com/ck/a?!&&p=09a6503a9db1889b8a68565cba99ad6625edf07280a6a83b0238a2567cc7c206JmltdHM9MTc2MjMwMDgwMA&ptn=3&ver=2&hsh=4&fclid=270a418a-6dc7-6941-2891-57166c3e6870&u=a1aHR0cHM6Ly9wdWJsaWMuY29tL2hpZ2gteWllbGQtY2FzaC1hY2NvdW50&ntb=1
African American Historical Archaeology course resources PDF OR lecture notes OR open courseware,wikipedia.orghttps://en.m.wikipedia.org › wiki › Africa,https://en.m.wikipedia.org/wiki/Africa
African American Historical Archaeology course resources PDF OR lecture notes OR open courseware,britannica.comhttps://www.britannica.com › place › Africa,https://www.britannica.com/place/Africa
African American Historical Archaeology course resources PDF OR lecture notes OR open courseware,ontheworldmap.comhttps://ontheworldmap.com › africa,https://ontheworldmap.com/africa/
African American Historical Archaeology course resources PDF OR lecture notes OR open courseware,worldatlas.comhttps://www.worldatlas.com › webimage › countrys › af.htm,https://www.worldatlas.com/webimage/countrys/af.htm
African American Historical Archaeology course resources PDF OR lecture notes OR open courseware,bbc.comhttps://www.bbc.com › news › world › africa,https://www.bbc.com/news/world/africa
Topics in Anthropology course resources PDF OR lecture notes OR open courseware,merriam-webster.comhttps://www.merriam-webster.com › dictionary › topic,https://www.bing.com/ck/a?!&&p=91eeca9f3f60c7b53bf93ff13d9a9c1a903cb41a2ece26a44bfdc8b6c20f8237JmltdHM9MTc2MjMwMDgwMA&ptn=3&ver=2&hsh=4&fclid=10462c72-6145-6f3d-0fca-3aee60536e86&u=a1aHR0cHM6Ly93d3cubWVycmlhbS13ZWJzdGVyLmNvbS9kaWN0aW9uYXJ5L3RvcGlj&ntb=1
Topics in Anthropology course resources PDF OR lecture notes OR open courseware,thoughtco.comhttps://www.thoughtco.com,https://www.bing.com/ck/a?!&&p=2e5ee4f380df4cee62ef8a41ce81be68ec173579ec933f5fd9702286fc284088JmltdHM9MTc2MjMwMDgwMA&ptn=3&ver=2&hsh=4&fclid=10462c72-6145-6f3d-0fca-3aee60536e86&u=a1aHR0cHM6Ly93d3cudGhvdWdodGNvLmNvbS9kaWZmZXJlbnQtd3JpdGluZy10b3BpY3MtMTY5MjQ0Ng&ntb=1
Topics in Anthropology course resources PDF OR lecture notes OR open courseware,thoughtco.comhttps://www.thoughtco.com,https://www.bing.com/ck/a?!&&p=f1baaabea4b72aaeb69afb693c8eeb50d3dc5b241abb506a1a09abb00d97bec4JmltdHM9MTc2MjMwMDgwMA&ptn=3&ver=2&hsh=4&fclid=10462c72-6145-6f3d-0fca-3aee60536e86&u=a1aHR0cHM6Ly93d3cudGhvdWdodGNvLmNvbS9hcmd1bWVudC1lc3NheS10b3BpY3MtMTg1Njk4Nw&ntb=1
Topics in Anthropology course resources PDF OR lecture notes OR open courseware,collinsdictionary.comhttps://www.collinsdictionary.com › dictionary › english › topic,https://www.bing.com/ck/a?!&&p=8746cbfd598f79154395e1237a2d615c0e41ce364308fc991c1858fef7e313e2JmltdHM9MTc2MjMwMDgwMA&ptn=3&ver=2&hsh=4&fclid=10462c72-6145-6f3d-0fca-3aee60536e86&u=a1aHR0cHM6Ly93d3cuY29sbGluc2RpY3Rpb25hcnkuY29tL2RpY3Rpb25hcnkvZW5nbGlzaC90b3BpYw&ntb=1
Topics in Anthropology course resources PDF OR lecture notes OR open courseware,thoughtco.comhttps://www.thoughtco.com,https://www.bing.com/ck/a?!&&p=ff7e4724dac4a2eeae5de43866ef3a87d8c374aa2acb2162e347da891715a16fJmltdHM9MTc2MjMwMDgwMA&ptn=3&ver=2&hsh=4&fclid=10462c72-6145-6f3d-0fca-3aee60536e86&u=a1aHR0cHM6Ly93d3cudGhvdWdodGNvLmNvbS9wZXJzdWFzaXZlLWVzc2F5LXRvcGljcy0xODU2OTc4&ntb=1
"Japan: Archaeology, Environmental History and Multicultural Perspectives course resources PDF OR lecture notes OR open courseware",japan-guide.comhttps://www.japan-guide.com,https://www.bing.com/ck/a?!&&p=a27aefdd36a6ab0145a165c8961aa9336ce66bcb8328c3d0171bbfce88bae38dJmltdHM9MTc2MjMwMDgwMA&ptn=3&ver=2&hsh=4&fclid=060efea7-d948-64d0-1cef-e83bd869650e&u=a1aHR0cHM6Ly93d3cuamFwYW4tZ3VpZGUuY29tL2UvZTYyM2EuaHRtbA&ntb=1
"Japan: Archaeology, Environmental History and Multicultural Perspectives course resources PDF OR lecture notes OR open courseware",japan-guide.comhttps://www.japan-guide.com,https://www.bing.com/ck/a?!&&p=6af0d01c0db956d40e88541b41a975afd4d33e0f4376a49d972f5bf089fbf14cJmltdHM9MTc2MjMwMDgwMA&ptn=3&ver=2&hsh=4&fclid=060efea7-d948-64d0-1cef-e83bd869650e&u=a1aHR0cHM6Ly93d3cuamFwYW4tZ3VpZGUuY29tL2UvZTIxNjQuaHRtbA&ntb=1
"Japan: Archaeology, Environmental History and Multicultural Perspectives course resources PDF OR lecture notes OR open courseware",japan-guide.comhttps://www.japan-guide.com › event,https://www.bing.com/ck/a?!&&p=4319636b6ad0d30cb1fbf868cd34290af248e0252ff37b1439617163d4f8a0ecJmltdHM9MTc2MjMwMDgwMA&ptn=3&ver=2&hsh=4&fclid=060efea7-d948-64d0-1cef-e83bd869650e&u=a1aHR0cHM6Ly93d3cuamFwYW4tZ3VpZGUuY29tL2V2ZW50Lz9hTU9OVEg9MTAmYVlFQVI9MjAyNQ&ntb=1
"Japan: Archaeology, Environmental History and Multicultural Perspectives course resources PDF OR lecture notes OR open courseware",japan-guide.comhttps://www.japan-guide.com › news › overtourism.html,https://www.bing.com/ck/a?!&&p=51665a689a411c6a28bab95521b116d89f36fa32508a97222d9306a3555f3b6bJmltdHM9MTc2MjMwMDgwMA&ptn=3&ver=2&hsh=4&fclid=060efea7-d948-64d0-1cef-e83bd869650e&u=a1aHR0cHM6Ly93d3cuamFwYW4tZ3VpZGUuY29tL25ld3Mvb3ZlcnRvdXJpc20uaHRtbA&ntb=1
"Japan: Archaeology, Environmental History and Multicultural Perspectives course resources PDF OR lecture notes OR open courseware",japan-guide.comhttps://www.japan-guide.com,https://www.bing.com/ck/a?!&&p=40271901dacc69014bd2d715626c2210869ff30347330eb1e33a51368a81e4fdJmltdHM9MTc2MjMwMDgwMA&ptn=3&ver=2&hsh=4&fclid=060efea7-d948-64d0-1cef-e83bd869650e&u=a1aHR0cHM6Ly93d3cuamFwYW4tZ3VpZGUuY29tL2UvZTYwMjguaHRtbA&ntb=1
Topics in Anthropology course resources PDF OR lecture notes OR open courseware,merriam-webster.comhttps://www.merriam-webster.com › dictionary › topic,https://www.bing.com/ck/a?!&&p=f6bbb2cda287d7ff84c9bc2b466547ec306d6100b0823d25a1f457d695c03ed6JmltdHM9MTc2MjMwMDgwMA&ptn=3&ver=2&hsh=4&fclid=3d087e72-3554-642a-37c5-68ee347e652b&u=a1aHR0cHM6Ly93d3cubWVycmlhbS13ZWJzdGVyLmNvbS9kaWN0aW9uYXJ5L3RvcGlj&ntb=1
Topics in Anthropology course resources PDF OR lecture notes OR open courseware,thoughtco.comhttps://www.thoughtco.com,https://www.bing.com/ck/a?!&&p=81d365cdea841f7bc48e976e83c0762e226de0b7d510e971d7310b184d155cccJmltdHM9MTc2MjMwMDgwMA&ptn=3&ver=2&hsh=4&fclid=3d087e72-3554-642a-37c5-68ee347e652b&u=a1aHR0cHM6Ly93d3cudGhvdWdodGNvLmNvbS9kaWZmZXJlbnQtd3JpdGluZy10b3BpY3MtMTY5MjQ0Ng&ntb=1
Topics in Anthropology course resources PDF OR lecture notes OR open courseware,thoughtco.comhttps://www.thoughtco.com,https://www.bing.com/ck/a?!&&p=983acd5219664752450803782b7f6c37dba878ded93c54e36bb1dc48f08a2005JmltdHM9MTc2MjMwMDgwMA&ptn=3&ver=2&hsh=4&fclid=3d087e72-3554-642a-37c5-68ee347e652b&u=a1aHR0cHM6Ly93d3cudGhvdWdodGNvLmNvbS9hcmd1bWVudC1lc3NheS10b3BpY3MtMTg1Njk4Nw&ntb=1
Topics in Anthropology course resources PDF OR lecture notes OR open courseware,collinsdictionary.comhttps://www.collinsdictionary.com › dictionary › english › topic,https://www.bing.com/ck/a?!&&p=4d89a77f40121c9a9ccf31b8dda242792c376f838830cbdd8f0352fb97680f3aJmltdHM9MTc2MjMwMDgwMA&ptn=3&ver=2&hsh=4&fclid=3d087e72-3554-642a-37c5-68ee347e652b&u=a1aHR0cHM6Ly93d3cuY29sbGluc2RpY3Rpb25hcnkuY29tL2RpY3Rpb25hcnkvZW5nbGlzaC90b3BpYw&ntb=1
Topics in Anthropology course resources PDF OR lecture notes OR open courseware,thoughtco.comhttps://www.thoughtco.com,https://www.bing.com/ck/a?!&&p=46821f670f6e23fbb87727e4a4491decb563fb01d7bcbb0d01c95220d6ab19bfJmltdHM9MTc2MjMwMDgwMA&ptn=3&ver=2&hsh=4&fclid=3d087e72-3554-642a-37c5-68ee347e652b&u=a1aHR0cHM6Ly93d3cudGhvdWdodGNvLmNvbS9wZXJzdWFzaXZlLWVzc2F5LXRvcGljcy0xODU2OTc4&ntb=1
Environmental Archaeology course resources PDF OR lecture notes OR open courseware,epa.govhttps://www.epa.gov,https://www.bing.com/ck/a?!&&p=297ad0c9b0b3c4eec316b7fec795159e7fa9bd77de1cf448050edef0c9079940JmltdHM9MTc2MjMwMDgwMA&ptn=3&ver=2&hsh=4&fclid=28050311-a007-6ce7-1aaf-158da1f66d5b&u=a1aHR0cHM6Ly93d3cuZXBhLmdvdi8&ntb=1
Environmental Archaeology course resources PDF OR lecture notes OR open courseware,epa.govhttps://www.epa.gov › in,https://www.bing.com/ck/a?!&&p=443996efc33fc8f4ebd9205682e8368c4886096f884690c82e644becf68f20cdJmltdHM9MTc2MjMwMDgwMA&ptn=3&ver=2&hsh=4&fclid=28050311-a007-6ce7-1aaf-158da1f66d5b&u=a1aHR0cHM6Ly93d3cuZXBhLmdvdi9pbg&ntb=1
Environmental Archaeology course resources PDF OR lecture notes OR open courseware,epa.govhttps://www.epa.gov › environmental-topics,https://www.bing.com/ck/a?!&&p=92a9adf7edf3b46fb2f7512a46bfd2d280491b3a2b24fc398af4595bc50e11dbJmltdHM9MTc2MjMwMDgwMA&ptn=3&ver=2&hsh=4&fclid=28050311-a007-6ce7-1aaf-158da1f66d5b&u=a1aHR0cHM6Ly93d3cuZXBhLmdvdi9lbnZpcm9ubWVudGFsLXRvcGljcw&ntb=1
Environmental Archaeology course resources PDF OR lecture notes OR open courseware,epa.govhttps://www.epa.gov › laws-regulations,https://www.bing.com/ck/a?!&&p=0e750cc6204906834d656338aa067eebd0aef71c0e4cbc997c23e31b4f9508cdJmltdHM9MTc2MjMwMDgwMA&ptn=3&ver=2&hsh=4&fclid=28050311-a007-6ce7-1aaf-158da1f66d5b&u=a1aHR0cHM6Ly93d3cuZXBhLmdvdi9sYXdzLXJlZ3VsYXRpb25z&ntb=1
Environmental Archaeology course resources PDF OR lecture notes OR open courseware,who.inthttps://www.who.int › health-topics › environmental-health,https://www.bing.com/ck/a?!&&p=4741a7c780baefc6f72836f18fdb3357150e7ae1e413174bb3e6040c4d3ac653JmltdHM9MTc2MjMwMDgwMA&ptn=3&ver=2&hsh=4&fclid=28050311-a007-6ce7-1aaf-158da1f66d5b&u=a1aHR0cHM6Ly93d3cud2hvLmludC9oZWFsdGgtdG9waWNzL2Vudmlyb25tZW50YWwtaGVhbHRo&ntb=1
"Ethnography: Methods, Ethics, and Practice course resources PDF OR lecture notes OR open courseware",dryfta.comhttps://2020forum.dryfta.com,https://2020forum.dryfta.com/
"Ethnography: Methods, Ethics, and Practice course resources PDF OR lecture notes OR open courseware",dryfta.comhttps://2020forum.dryfta.com › de › register › passwordreset,https://2020forum.dryfta.com/de/register/passwordreset
"Ethnography: Methods, Ethics, and Practice course resources PDF OR lecture notes OR open courseware",dryfta.comhttps://2020forum.dryfta.com › de,https://2020forum.dryfta.com/de/
"Ethnography: Methods, Ethics, and Practice course resources PDF OR lecture notes OR open courseware",dryfta.comhttps://2020forum.dryfta.com › speakers › session-recommendations,https://2020forum.dryfta.com/speakers/session-recommendations
"Ethnography: Methods, Ethics, and Practice course resources PDF OR lecture notes OR open courseware",dryfta.comhttps://2020forum.dryfta.com,https://2020forum.dryfta.com/73-information-for-presenters
Public Archaeology course resources PDF OR lecture notes OR open courseware,public.comhttps://public.com,https://www.bing.com/ck/a?!&&p=5f68143499a573fc6a0b88da7f7b97f20f51e8bdef7b88ae90f148e551d6f9cbJmltdHM9MTc2MjMwMDgwMA&ptn=3&ver=2&hsh=4&fclid=35233deb-717d-64ec-3adc-2b7770386529&u=a1aHR0cHM6Ly9wdWJsaWMuY29tLw&ntb=1
Public Archaeology course resources PDF OR lecture notes OR open courseware,public.comhttps://public.com › login,https://www.bing.com/ck/a?!&&p=3e816d11d18454ba786aa08656cb155cd39bec87bc3c19e107026cdf9077c2bfJmltdHM9MTc2MjMwMDgwMA&ptn=3&ver=2&hsh=4&fclid=35233deb-717d-64ec-3adc-2b7770386529&u=a1aHR0cHM6Ly9wdWJsaWMuY29tL2xvZ2lu&ntb=1
Public Archaeology course resources PDF OR lecture notes OR open courseware,public.comhttps://public.com › invest › stocks,https://www.bing.com/ck/a?!&&p=d7f9dae0bcbbc0a42e873e7e65391469e07fd4b44bf753c9c2f1112b389d7e0cJmltdHM9MTc2MjMwMDgwMA&ptn=3&ver=2&hsh=4&fclid=35233deb-717d-64ec-3adc-2b7770386529&u=a1aHR0cHM6Ly9wdWJsaWMuY29tL2ludmVzdC9zdG9ja3M&ntb=1
Public Archaeology course resources PDF OR lecture notes OR open courseware,public.comhttps://public.com › about-us,https://www.bing.com/ck/a?!&&p=a3f21f52bf9a6400e4e08699e366125f96e2c44e7ccf75d630f999c583f633d1JmltdHM9MTc2MjMwMDgwMA&ptn=3&ver=2&hsh=4&fclid=35233deb-717d-64ec-3adc-2b7770386529&u=a1aHR0cHM6Ly9wdWJsaWMuY29tL2Fib3V0LXVz&ntb=1
Public Archaeology course resources PDF OR lecture notes OR open courseware,public.comhttps://public.com › high-yield-cash-account,https://www.bing.com/ck/a?!&&p=f85e0105d7c24c1e59acc03b0428ad11f087ad962161aa9507dcad2ec7fb0ffaJmltdHM9MTc2MjMwMDgwMA&ptn=3&ver=2&hsh=4&fclid=35233deb-717d-64ec-3adc-2b7770386529&u=a1aHR0cHM6Ly9wdWJsaWMuY29tL2hpZ2gteWllbGQtY2FzaC1hY2NvdW50&ntb=1
Beginning Arabic I course resources PDF OR lecture notes OR open courseware,stackexchange.comhttps://english.stackexchange.com › questions,https://www.bing.com/ck/a?!&&p=2c266bf8bc7ca3e4d0f3084e98f74e369ff370438a13cf0147c6739019a6f667JmltdHM9MTc2MjMwMDgwMA&ptn=3&ver=2&hsh=4&fclid=3d1e7e4e-1d21-6915-1547-68d21cbf68a3&u=a1aHR0cHM6Ly9lbmdsaXNoLnN0YWNrZXhjaGFuZ2UuY29tL3F1ZXN0aW9ucy82NzQ4NC93aGF0LWlzLXRoZS1kaWZmZXJlbmNlLWJldHdlZW4tdGhlLW5vdW5zLXN0YXJ0LWFuZC1iZWdpbm5pbmc&ntb=1
Beginning Arabic I course resources PDF OR lecture notes OR open courseware,stackexchange.comhttps://english.stackexchange.com › questions,https://www.bing.com/ck/a?!&&p=413ae0d06a55ca152ec95a44ae066f93285067e47c54164e846f56d1f49654faJmltdHM9MTc2MjMwMDgwMA&ptn=3&ver=2&hsh=4&fclid=3d1e7e4e-1d21-6915-1547-68d21cbf68a3&u=a1aHR0cHM6Ly9lbmdsaXNoLnN0YWNrZXhjaGFuZ2UuY29tL3F1ZXN0aW9ucy8yMDM4OS9hdC10aGUtYmVnaW5uaW5nLW9yLWluLXRoZS1iZWdpbm5pbmc&ntb=1
Beginning Arabic I course resources PDF OR lecture notes OR open courseware,stackexchange.comhttps://english.stackexchange.com › questions,https://www.bing.com/ck/a?!&&p=fd3a5f2c3e52b2e691059899bac9a8b877a50d2401f6402fd0840f3d369c3f10JmltdHM9MTc2MjMwMDgwMA&ptn=3&ver=2&hsh=4&fclid=3d1e7e4e-1d21-6915-1547-68d21cbf68a3&u=a1aHR0cHM6Ly9lbmdsaXNoLnN0YWNrZXhjaGFuZ2UuY29tL3F1ZXN0aW9ucy8zODE1L2F0LXRoZS1iZWdpbm5pbmctb2YtdGhlLWNlbnR1cnktb3ItaW4tdGhlLWJlZ2lubmluZy1vZi10aGUtY2VudHVyeQ&ntb=1
Beginning Arabic I course resources PDF OR lecture notes OR open courseware,stackexchange.comhttps://english.stackexchange.com › questions,https://www.bing.com/ck/a?!&&p=8c9dd65ebce875fa720017b8bdbd6c68bb2c923206a7732d54e5d0f967ca9fb2JmltdHM9MTc2MjMwMDgwMA&ptn=3&ver=2&hsh=4&fclid=3d1e7e4e-1d21-6915-1547-68d21cbf68a3&u=a1aHR0cHM6Ly9lbmdsaXNoLnN0YWNrZXhjaGFuZ2UuY29tL3F1ZXN0aW9ucy8yMTA0My93aGF0LWlzLXRoZS1kaWZmZXJlbmNlLWJldHdlZW4tYmVnaW4tYW5kLXN0YXJ0&ntb=1
Beginning Arabic I course resources PDF OR lecture notes OR open courseware,stackexchange.comhttps://english.stackexchange.com › questions,https://www.bing.com/ck/a?!&&p=47e583b51eee7483ddaf5d754ba0836b72d16b20be722197d6f4e9f5471313e1JmltdHM9MTc2MjMwMDgwMA&ptn=3&ver=2&hsh=4&fclid=3d1e7e4e-1d21-6915-1547-68d21cbf68a3&u=a1aHR0cHM6Ly9lbmdsaXNoLnN0YWNrZXhjaGFuZ2UuY29tL3F1ZXN0aW9ucy8yNjA3OC9pcy10aGVyZS1hLWRpZmZlcmVuY2UtaW4tbWVhbmluZy1iZXR3ZWVuLWZyb20tdGhlLWJlZ2lubmluZy1hbmQtc2luY2UtdGhlLWJlZw&ntb=1
Beginning Arabic II course resources PDF OR lecture notes OR open courseware,stackexchange.comhttps://english.stackexchange.com › questions,https://www.bing.com/ck/a?!&&p=e778fdbb3f6e6b00eed5c5daea743799188ff38cd143066e72f2e1d0c5be12b7JmltdHM9MTc2MjMwMDgwMA&ptn=3&ver=2&hsh=4&fclid=3cf31e7c-709a-6a0d-1c30-08e071406bb6&u=a1aHR0cHM6Ly9lbmdsaXNoLnN0YWNrZXhjaGFuZ2UuY29tL3F1ZXN0aW9ucy82NzQ4NC93aGF0LWlzLXRoZS1kaWZmZXJlbmNlLWJldHdlZW4tdGhlLW5vdW5zLXN0YXJ0LWFuZC1iZWdpbm5pbmc&ntb=1
Beginning Arabic II course resources PDF OR lecture notes OR open courseware,stackexchange.comhttps://english.stackexchange.com › questions,https://www.bing.com/ck/a?!&&p=c3830a8c23ca2a615c403adbab0bf2d634fc37f37b058629c0cd3d9db0414b79JmltdHM9MTc2MjMwMDgwMA&ptn=3&ver=2&hsh=4&fclid=3cf31e7c-709a-6a0d-1c30-08e071406bb6&u=a1aHR0cHM6Ly9lbmdsaXNoLnN0YWNrZXhjaGFuZ2UuY29tL3F1ZXN0aW9ucy8yMDM4OS9hdC10aGUtYmVnaW5uaW5nLW9yLWluLXRoZS1iZWdpbm5pbmc&ntb=1
Beginning Arabic II course resources PDF OR lecture notes OR open courseware,stackexchange.comhttps://english.stackexchange.com › questions,https://www.bing.com/ck/a?!&&p=0bff9b6a902b2023d87246ece15f0f39f6c4d308037ce4da385458fa7dc6a7c6JmltdHM9MTc2MjMwMDgwMA&ptn=3&ver=2&hsh=4&fclid=3cf31e7c-709a-6a0d-1c30-08e071406bb6&u=a1aHR0cHM6Ly9lbmdsaXNoLnN0YWNrZXhjaGFuZ2UuY29tL3F1ZXN0aW9ucy8zODE1L2F0LXRoZS1iZWdpbm5pbmctb2YtdGhlLWNlbnR1cnktb3ItaW4tdGhlLWJlZ2lubmluZy1vZi10aGUtY2VudHVyeQ&ntb=1
Beginning Arabic II course resources PDF OR lecture notes OR open courseware,stackexchange.comhttps://english.stackexchange.com › questions,https://www.bing.com/ck/a?!&&p=30a3effedfa508c0f3b553c8948add3c04e8230e515f7b77bb23b0e82f6e3063JmltdHM9MTc2MjMwMDgwMA&ptn=3&ver=2&hsh=4&fclid=3cf31e7c-709a-6a0d-1c30-08e071406bb6&u=a1aHR0cHM6Ly9lbmdsaXNoLnN0YWNrZXhjaGFuZ2UuY29tL3F1ZXN0aW9ucy8yMTA0My93aGF0LWlzLXRoZS1kaWZmZXJlbmNlLWJldHdlZW4tYmVnaW4tYW5kLXN0YXJ0&ntb=1
Beginning Arabic II course resources PDF OR lecture notes OR open courseware,stackexchange.comhttps://english.stackexchange.com › questions,https://www.bing.com/ck/a?!&&p=99cc7aed79bed6d8c2f4474c975c6567ca0686f251bd2faeadabe08de4f4376dJmltdHM9MTc2MjMwMDgwMA&ptn=3&ver=2&hsh=4&fclid=3cf31e7c-709a-6a0d-1c30-08e071406bb6&u=a1aHR0cHM6Ly9lbmdsaXNoLnN0YWNrZXhjaGFuZ2UuY29tL3F1ZXN0aW9ucy8yNjA3OC9pcy10aGVyZS1hLWRpZmZlcmVuY2UtaW4tbWVhbmluZy1iZXR3ZWVuLWZyb20tdGhlLWJlZ2lubmluZy1hbmQtc2luY2UtdGhlLWJlZw&ntb=1
Language Table course resources PDF OR lecture notes OR open courseware,google.comhttps://support.google.com › mail › answer,https://www.bing.com/ck/a?!&&p=2d42ae2d5cefc28565c3e987ebf7f29145de543839713aa3d7b896659db3eea8JmltdHM9MTc2MjMwMDgwMA&ptn=3&ver=2&hsh=4&fclid=18157ed3-09c4-6e41-1b59-684f08ed6f67&u=a1aHR0cHM6Ly9zdXBwb3J0Lmdvb2dsZS5jb20vbWFpbC9hbnN3ZXIvMTcwOTE_aGw9ZW4mY289R0VOSUUuUGxhdGZvcm0lM0REZXNrdG9w&ntb=1
Language Table course resources PDF OR lecture notes OR open courseware,google.comhttps://support.google.com › maps › answer,https://www.bing.com/ck/a?!&&p=0174f3ddd47602aaf71782e73683aeeab7586b045d9e29764b5ef2ae362044c4JmltdHM9MTc2MjMwMDgwMA&ptn=3&ver=2&hsh=4&fclid=18157ed3-09c4-6e41-1b59-684f08ed6f67&u=a1aHR0cHM6Ly9zdXBwb3J0Lmdvb2dsZS5jb20vbWFwcy9hbnN3ZXIvNjM0NzE_aGw9ZW4mY289R0VOSUUuUGxhdGZvcm0lM0REZXNrdG9w&ntb=1
Language Table course resources PDF OR lecture notes OR open courseware,google.comhttps://support.google.com › gemini › answer,https://www.bing.com/ck/a?!&&p=dd9900692e3edffd31ff2b9aff32b878369bc951e4a4f576b3706b9780237206JmltdHM9MTc2MjMwMDgwMA&ptn=3&ver=2&hsh=4&fclid=18157ed3-09c4-6e41-1b59-684f08ed6f67&u=a1aHR0cHM6Ly9zdXBwb3J0Lmdvb2dsZS5jb20vZ2VtaW5pL2Fuc3dlci8xNTk4NDQ4NT9obD1lbiZjbz1HRU5JRS5QbGF0Zm9ybSUzRERlc2t0b3A&ntb=1
Language Table course resources PDF OR lecture notes OR open courseware,google.comhttps://support.google.com › pixelphone › answer,https://www.bing.com/ck/a?!&&p=4ccd88654792b9079934b058d02eacdb22b11cc382ba13e98e35e208378ba3efJmltdHM9MTc2MjMwMDgwMA&ptn=3&ver=2&hsh=4&fclid=18157ed3-09c4-6e41-1b59-684f08ed6f67&u=a1aHR0cHM6Ly9zdXBwb3J0Lmdvb2dsZS5jb20vcGl4ZWxwaG9uZS9hbnN3ZXIvMTI1NzEyMjc_aGw9ZW4&ntb=1
Language Table course resources PDF OR lecture notes OR open courseware,google.comhttps://support.google.com › googlenest › answer,https://www.bing.com/ck/a?!&&p=7959f7f70b4fd2a960fb4e8c0fd66d4b172b8f1f8d238008ea1fc34501e655c6JmltdHM9MTc2MjMwMDgwMA&ptn=3&ver=2&hsh=4&fclid=18157ed3-09c4-6e41-1b59-684f08ed6f67&u=a1aHR0cHM6Ly9zdXBwb3J0Lmdvb2dsZS5jb20vZ29vZ2xlbmVzdC9hbnN3ZXIvNzU1MDU4ND9obD1lbiZjbz1HRU5JRS5QbGF0Zm9ybSUzREFuZHJvaWQ&ntb=1
Intermediate Arabic I course resources PDF OR lecture notes OR open courseware,zhihu.comhttps://www.zhihu.com › question,https://www.zhihu.com/question/453061371?write
Intermediate Arabic I course resources PDF OR lecture notes OR open courseware,zhihu.comhttps://www.zhihu.com › question,https://www.zhihu.com/question/433733185
Intermediate Arabic I course resources PDF OR lecture notes OR open courseware,zhihu.comhttps://www.zhihu.com › question,https://www.zhihu.com/question/14711289428
Intermediate Arabic I course resources PDF OR lecture notes OR open courseware,zhihu.comhttps://www.zhihu.com › question › answers › updated,https://www.zhihu.com/question/269694713/answers/updated
Intermediate Arabic I course resources PDF OR lecture notes OR open courseware,zhihu.comhttps://www.zhihu.com › question,https://www.zhihu.com/question/41490452
Intermediate Arabic II course resources PDF OR lecture notes OR open courseware,zhihu.comhttps://www.zhihu.com › question,https://www.bing.com/ck/a?!&&p=02d3a0c1ce2d9c7b6c96312e59ade03e97fb44c9130beb36d63767e7dcc3a582JmltdHM9MTc2MjMwMDgwMA&ptn=3&ver=2&hsh=4&fclid=27bb6d2b-4901-6a46-2689-7bb7487c6b9e&u=a1aHR0cHM6Ly93d3cuemhpaHUuY29tL3F1ZXN0aW9uLzQ1MzA2MTM3MT93cml0ZQ&ntb=1
Intermediate Arabic II course resources PDF OR lecture notes OR open courseware,zhihu.comhttps://www.zhihu.com › question,https://www.bing.com/ck/a?!&&p=da846135cf7ac056f2390353662f8befbe98771834ff3812c3247f463b7b7534JmltdHM9MTc2MjMwMDgwMA&ptn=3&ver=2&hsh=4&fclid=27bb6d2b-4901-6a46-2689-7bb7487c6b9e&u=a1aHR0cHM6Ly93d3cuemhpaHUuY29tL3F1ZXN0aW9uLzQzMzczMzE4NQ&ntb=1
Intermediate Arabic II course resources PDF OR lecture notes OR open courseware,zhihu.comhttps://www.zhihu.com › question,https://www.bing.com/ck/a?!&&p=dda6a00fb320cbc1a21ec671777c8022ba4305925c28210014f0970e5750595dJmltdHM9MTc2MjMwMDgwMA&ptn=3&ver=2&hsh=4&fclid=27bb6d2b-4901-6a46-2689-7bb7487c6b9e&u=a1aHR0cHM6Ly93d3cuemhpaHUuY29tL3F1ZXN0aW9uLzE0NzExMjg5NDI4&ntb=1
Intermediate Arabic II course resources PDF OR lecture notes OR open courseware,zhihu.comhttps://www.zhihu.com › question › answers › updated,https://www.bing.com/ck/a?!&&p=1fb92f1ffcea79620814eeee22319843b2af4a884ea6af280f4e1a7c6256b9eeJmltdHM9MTc2MjMwMDgwMA&ptn=3&ver=2&hsh=4&fclid=27bb6d2b-4901-6a46-2689-7bb7487c6b9e&u=a1aHR0cHM6Ly93d3cuemhpaHUuY29tL3F1ZXN0aW9uLzI2OTY5NDcxMy9hbnN3ZXJzL3VwZGF0ZWQ&ntb=1
Intermediate Arabic II course resources PDF OR lecture notes OR open courseware,zhihu.comhttps://www.zhihu.com › question,https://www.bing.com/ck/a?!&&p=81a2cd768cfefe1764a0441bb518ae54dc8f7141fb4a165bc14e305c6edbba47JmltdHM9MTc2MjMwMDgwMA&ptn=3&ver=2&hsh=4&fclid=27bb6d2b-4901-6a46-2689-7bb7487c6b9e&u=a1aHR0cHM6Ly93d3cuemhpaHUuY29tL3F1ZXN0aW9uLzQxNDkwNDUy&ntb=1
Cre8: The Art of Creativity course resources PDF OR lecture notes OR open courseware,cre8pharmacy.comhttps://www.cre8pharmacy.com,https://www.bing.com/ck/a?!&&p=572be18601d54f5dd7f0db0106d642f73855b3f1c68469c2eeab78b0633af5f8JmltdHM9MTc2MjMwMDgwMA&ptn=3&ver=2&hsh=4&fclid=3c51cc5d-4947-631b-1e5c-dac1486d62ca&u=a1aHR0cHM6Ly93d3cuY3JlOHBoYXJtYWN5LmNvbS8&ntb=1
Cre8: The Art of Creativity course resources PDF OR lecture notes OR open courseware,cre8pharmacy.comhttps://www.cre8pharmacy.com › about,https://www.bing.com/ck/a?!&&p=4090c2564e42c0ba29036737d6972806946a315c46278b1d7312b07cf7f70694JmltdHM9MTc2MjMwMDgwMA&ptn=3&ver=2&hsh=4&fclid=3c51cc5d-4947-631b-1e5c-dac1486d62ca&u=a1aHR0cHM6Ly93d3cuY3JlOHBoYXJtYWN5LmNvbS9hYm91dC8&ntb=1
Cre8: The Art of Creativity course resources PDF OR lecture notes OR open courseware,cre8pharmacy.comhttps://www.cre8pharmacy.com › contact,https://www.bing.com/ck/a?!&&p=421fe583dc601edfb6369b41c8d7a72f8d4ad7566eedb8f71a1a5255ac0e2ab9JmltdHM9MTc2MjMwMDgwMA&ptn=3&ver=2&hsh=4&fclid=3c51cc5d-4947-631b-1e5c-dac1486d62ca&u=a1aHR0cHM6Ly93d3cuY3JlOHBoYXJtYWN5LmNvbS9jb250YWN0Lw&ntb=1
Cre8: The Art of Creativity course resources PDF OR lecture notes OR open courseware,cre8pharmacy.comhttps://www.cre8pharmacy.com › supplements,https://www.bing.com/ck/a?!&&p=1a265755d3f6458fcb2f3ad06eda093d3cd6d7a156f23f2c929b036af6d8b00bJmltdHM9MTc2MjMwMDgwMA&ptn=3&ver=2&hsh=4&fclid=3c51cc5d-4947-631b-1e5c-dac1486d62ca&u=a1aHR0cHM6Ly93d3cuY3JlOHBoYXJtYWN5LmNvbS9zdXBwbGVtZW50cy8&ntb=1
Cre8: The Art of Creativity course resources PDF OR lecture notes OR open courseware,cre8pharmacy.comhttps://www.cre8pharmacy.com › new-account,https://www.bing.com/ck/a?!&&p=d9461af060719e9e2c89cda52bdecb0b7eb8e34ddef34add249352bfc843734fJmltdHM9MTc2MjMwMDgwMA&ptn=3&ver=2&hsh=4&fclid=3c51cc5d-4947-631b-1e5c-dac1486d62ca&u=a1aHR0cHM6Ly93d3cuY3JlOHBoYXJtYWN5LmNvbS9uZXctYWNjb3VudC8&ntb=1
"Surface, Space, Time (2D) course resources PDF OR lecture notes OR open courseware",zhihu.comhttps://www.zhihu.com › question,https://www.bing.com/ck/a?!&&p=31e1552d415f31ccd374bf94c7a462aa61a139ff055fb1dce01521cf6cf8ee57JmltdHM9MTc2MjMwMDgwMA&ptn=3&ver=2&hsh=4&fclid=37d7abe9-a747-6912-3ab5-bd75a6c468a3&u=a1aHR0cHM6Ly93d3cuemhpaHUuY29tL3F1ZXN0aW9uLzEwOTM5NTI4NDc4&ntb=1
"Surface, Space, Time (2D) course resources PDF OR lecture notes OR open courseware",zhihu.comhttps://www.zhihu.com › question,https://www.bing.com/ck/a?!&&p=902ab6b3ae2806a79e68640a260d5d2f65767f42c97416c8efa3866a3c621190JmltdHM9MTc2MjMwMDgwMA&ptn=3&ver=2&hsh=4&fclid=37d7abe9-a747-6912-3ab5-bd75a6c468a3&u=a1aHR0cHM6Ly93d3cuemhpaHUuY29tL3F1ZXN0aW9uLzMyNTQzMTMwMA&ntb=1
"Surface, Space, Time (2D) course resources PDF OR lecture notes OR open courseware",zhihu.comhttps://www.zhihu.com › question,https://www.bing.com/ck/a?!&&p=cefdce65cdeb47ac00a7ed290fc8be6b4dcef1a3b288f6e949ff828be05320dfJmltdHM9MTc2MjMwMDgwMA&ptn=3&ver=2&hsh=4&fclid=37d7abe9-a747-6912-3ab5-bd75a6c468a3&u=a1aHR0cHM6Ly93d3cuemhpaHUuY29tL3F1ZXN0aW9uLzI5Njk4NjQzNw&ntb=1
"Surface, Space, Time (2D) course resources PDF OR lecture notes OR open courseware",zhihu.comhttps://www.zhihu.com › question,https://www.bing.com/ck/a?!&&p=6042d726bad174b079bedf35ac960395d74438117ef8be41e5995d4e1257d69cJmltdHM9MTc2MjMwMDgwMA&ptn=3&ver=2&hsh=4&fclid=37d7abe9-a747-6912-3ab5-bd75a6c468a3&u=a1aHR0cHM6Ly93d3cuemhpaHUuY29tL3F1ZXN0aW9uLzQzODk4ODU4NQ&ntb=1
"Surface, Space, Time (2D) course resources PDF OR lecture notes OR open courseware",zhihu.comhttps://www.zhihu.com › question,https://www.bing.com/ck/a?!&&p=f6d37fbd70e97aaf5ac596cbb09afe415dd2fca0c741654fd5237e08a990c75fJmltdHM9MTc2MjMwMDgwMA&ptn=3&ver=2&hsh=4&fclid=37d7abe9-a747-6912-3ab5-bd75a6c468a3&u=a1aHR0cHM6Ly93d3cuemhpaHUuY29tL3F1ZXN0aW9uLzYxMjUwNTEyNA&ntb=1
"Surface, Space, Time (3D) course resources PDF OR lecture notes OR open courseware",zhihu.comhttps://www.zhihu.com › question,https://www.bing.com/ck/a?!&&p=88472e6354d9a3d02bd7a85563b1850b375482136d67394e711c61940cd56407JmltdHM9MTc2MjMwMDgwMA&ptn=3&ver=2&hsh=4&fclid=057b43c2-9450-68be-3078-555e95a969ca&u=a1aHR0cHM6Ly93d3cuemhpaHUuY29tL3F1ZXN0aW9uLzEwOTM5NTI4NDc4&ntb=1
"Surface, Space, Time (3D) course resources PDF OR lecture notes OR open courseware",zhihu.comhttps://www.zhihu.com › question,https://www.bing.com/ck/a?!&&p=6237f9a8364ceb9ffe5613ffbeeb5bbe1e47c57aeb03c555a8b175711bc8c4f8JmltdHM9MTc2MjMwMDgwMA&ptn=3&ver=2&hsh=4&fclid=057b43c2-9450-68be-3078-555e95a969ca&u=a1aHR0cHM6Ly93d3cuemhpaHUuY29tL3F1ZXN0aW9uLzMyNTQzMTMwMA&ntb=1
"Surface, Space, Time (3D) course resources PDF OR lecture notes OR open courseware",zhihu.comhttps://www.zhihu.com › question,https://www.bing.com/ck/a?!&&p=9ca1ee2fd6a37947291c7be96105a6c36e88d7f7bf6b220547f17ff2e6a9bd84JmltdHM9MTc2MjMwMDgwMA&ptn=3&ver=2&hsh=4&fclid=057b43c2-9450-68be-3078-555e95a969ca&u=a1aHR0cHM6Ly93d3cuemhpaHUuY29tL3F1ZXN0aW9uLzI5Njk4NjQzNw&ntb=1
"Surface, Space, Time (3D) course resources PDF OR lecture notes OR open courseware",zhihu.comhttps://www.zhihu.com › question,https://www.bing.com/ck/a?!&&p=0b8f922c496581a41d74477a6b5d429d8f2ad5b6cbdbb02a61a04a73d34b7f6aJmltdHM9MTc2MjMwMDgwMA&ptn=3&ver=2&hsh=4&fclid=057b43c2-9450-68be-3078-555e95a969ca&u=a1aHR0cHM6Ly93d3cuemhpaHUuY29tL3F1ZXN0aW9uLzQzODk4ODU4NQ&ntb=1
"Surface, Space, Time (3D) course resources PDF OR lecture notes OR open courseware",zhihu.comhttps://www.zhihu.com › question,https://www.bing.com/ck/a?!&&p=fcc107dec32e1b4846d5f50c0a7e45f01c1cb786ac686e96ef548ebfee7435d3JmltdHM9MTc2MjMwMDgwMA&ptn=3&ver=2&hsh=4&fclid=057b43c2-9450-68be-3078-555e95a969ca&u=a1aHR0cHM6Ly93d3cuemhpaHUuY29tL3F1ZXN0aW9uLzYxMjUwNTEyNA&ntb=1
Fundamentals of Perceptual Drawing course resources PDF OR lecture notes OR open courseware,merriam-webster.comhttps://www.merriam-webster.com › dictionary › fundamental,https://www.merriam-webster.com/dictionary/fundamental
Fundamentals of Perceptual Drawing course resources PDF OR lecture notes OR open courseware,cambridge.orghttps://dictionary.cambridge.org › dictionary › english › fundamentals,https://dictionary.cambridge.org/dictionary/english/fundamentals
Fundamentals of Perceptual Drawing course resources PDF OR lecture notes OR open courseware,investopedia.comhttps://www.investopedia.com › terms › fundamentals.asp,https://www.investopedia.com/terms/f/fundamentals.asp
Fundamentals of Perceptual Drawing course resources PDF OR lecture notes OR open courseware,dictionary.comhttps://www.dictionary.com › browse › fundamental,https://www.dictionary.com/browse/fundamental
Fundamentals of Perceptual Drawing course resources PDF OR lecture notes OR open courseware,wikipedia.orghttps://en.wikipedia.org › wiki › Fundamental,https://en.wikipedia.org/wiki/Fundamental
The Power of Amateur Photography course resources PDF OR lecture notes OR open courseware,merriam-webster.comhttps://www.merriam-webster.com › dictionary › the,https://www.bing.com/ck/a?!&&p=dcfbd46bd9ffa8f8702970af192b03baee1feb0ade2af274053d7dbc09923655JmltdHM9MTc2MjMwMDgwMA&ptn=3&ver=2&hsh=4&fclid=2fa3f928-d8e6-602a-35d3-efb4d951611a&u=a1aHR0cHM6Ly93d3cubWVycmlhbS13ZWJzdGVyLmNvbS9kaWN0aW9uYXJ5L3RoZQ&ntb=1
The Power of Amateur Photography course resources PDF OR lecture notes OR open courseware,thefreedictionary.comhttps://www.thefreedictionary.com › the,https://www.bing.com/ck/a?!&&p=adabc54c04569fe9dea1727b3162ffda6b12182a0173fde7d0c203dd2ccb2771JmltdHM9MTc2MjMwMDgwMA&ptn=3&ver=2&hsh=4&fclid=2fa3f928-d8e6-602a-35d3-efb4d951611a&u=a1aHR0cHM6Ly93d3cudGhlZnJlZWRpY3Rpb25hcnkuY29tL3RoZQ&ntb=1
The Power of Amateur Photography course resources PDF OR lecture notes OR open courseware,cambridge.orghttps://dictionary.cambridge.org › dictionary › english › the,https://www.bing.com/ck/a?!&&p=d899f85d35a9651c11d8819d19cf7b18fde7636a4e9a0ebc9835761efe012790JmltdHM9MTc2MjMwMDgwMA&ptn=3&ver=2&hsh=4&fclid=2fa3f928-d8e6-602a-35d3-efb4d951611a&u=a1aHR0cHM6Ly9kaWN0aW9uYXJ5LmNhbWJyaWRnZS5vcmcvZGljdGlvbmFyeS9lbmdsaXNoL3RoZQ&ntb=1
The Power of Amateur Photography course resources PDF OR lecture notes OR open courseware,britishcouncil.orghttps://learnenglish.britishcouncil.org › grammar › english-grammar...,https://www.bing.com/ck/a?!&&p=35767139b6d0159422d17505c25710a190849aecefb0a06a03ce14ee04906523JmltdHM9MTc2MjMwMDgwMA&ptn=3&ver=2&hsh=4&fclid=2fa3f928-d8e6-602a-35d3-efb4d951611a&u=a1aHR0cHM6Ly9sZWFybmVuZ2xpc2guYnJpdGlzaGNvdW5jaWwub3JnL2dyYW1tYXIvZW5nbGlzaC1ncmFtbWFyLXJlZmVyZW5jZS9kZWZpbml0ZS1hcnRpY2xl&ntb=1
The Power of Amateur Photography course resources PDF OR lecture notes OR open courseware,wiktionary.orghttps://en.m.wiktionary.org › wiki › the,https://www.bing.com/ck/a?!&&p=ec8e634b1510fc5bf9edbef6c517b79c3448085782a3b42a42d80a98ef15b6b7JmltdHM9MTc2MjMwMDgwMA&ptn=3&ver=2&hsh=4&fclid=2fa3f928-d8e6-602a-35d3-efb4d951611a&u=a1aHR0cHM6Ly9lbi5tLndpa3Rpb25hcnkub3JnL3dpa2kvdGhl&ntb=1
Digital Art & Design course resources PDF OR lecture notes OR open courseware,ibm.comhttps://www.ibm.com › think › topics › digital-transformation,https://www.bing.com/ck/a?!&&p=686c0fddccbf5db317b7006d748723ac8344ba8c3bde6b904ff25b0706a57413JmltdHM9MTc2MjMwMDgwMA&ptn=3&ver=2&hsh=4&fclid=31a1f665-9d8e-6440-3c20-e0f99c766576&u=a1aHR0cHM6Ly93d3cuaWJtLmNvbS90aGluay90b3BpY3MvZGlnaXRhbC10cmFuc2Zvcm1hdGlvbg&ntb=1
Digital Art & Design course resources PDF OR lecture notes OR open courseware,ibm.comhttps://www.ibm.com › br-pt › think › topics › digital-transformation,https://www.bing.com/ck/a?!&&p=6a0743cbbb84d421a16890c7432c15138c7d8c1a536ec82cdffe675cc129b238JmltdHM9MTc2MjMwMDgwMA&ptn=3&ver=2&hsh=4&fclid=31a1f665-9d8e-6440-3c20-e0f99c766576&u=a1aHR0cHM6Ly93d3cuaWJtLmNvbS9ici1wdC90aGluay90b3BpY3MvZGlnaXRhbC10cmFuc2Zvcm1hdGlvbg&ntb=1
Digital Art & Design course resources PDF OR lecture notes OR open courseware,ibm.comhttps://www.ibm.com › think › topics › digital-forensics,https://www.bing.com/ck/a?!&&p=9193aa08e56ee71c8e68b034b6e1597c407b3aa036e840f087216153b2c369f0JmltdHM9MTc2MjMwMDgwMA&ptn=3&ver=2&hsh=4&fclid=31a1f665-9d8e-6440-3c20-e0f99c766576&u=a1aHR0cHM6Ly93d3cuaWJtLmNvbS90aGluay90b3BpY3MvZGlnaXRhbC1mb3JlbnNpY3M&ntb=1
Digital Art & Design course resources PDF OR lecture notes OR open courseware,ibm.comhttps://www.ibm.com › es-es › think › topics › digital-transformation,https://www.bing.com/ck/a?!&&p=65468b0a286d605408346c048c4503cf1fa70a26920c9714db7fcaab0294784dJmltdHM9MTc2MjMwMDgwMA&ptn=3&ver=2&hsh=4&fclid=31a1f665-9d8e-6440-3c20-e0f99c766576&u=a1aHR0cHM6Ly93d3cuaWJtLmNvbS9lcy1lcy90aGluay90b3BpY3MvZGlnaXRhbC10cmFuc2Zvcm1hdGlvbg&ntb=1
Digital Art & Design course resources PDF OR lecture notes OR open courseware,ibm.comhttps://www.ibm.com › think › topics › digital-twin,https://www.bing.com/ck/a?!&&p=f73aaf512de6c35967be7d2e28615c125e8219d52b9bfc7b6cb415da9b318440JmltdHM9MTc2MjMwMDgwMA&ptn=3&ver=2&hsh=4&fclid=31a1f665-9d8e-6440-3c20-e0f99c766576&u=a1aHR0cHM6Ly93d3cuaWJtLmNvbS90aGluay90b3BpY3MvZGlnaXRhbC10d2lu&ntb=1
Introduction to Ceramics I course resources PDF OR lecture notes OR open courseware,zhihu.comhttps://www.zhihu.com › question,https://www.bing.com/ck/a?!&&p=2751893e3baf8af638f6873d291e00e74dc2ae490867fcd75ceca682e83e1b26JmltdHM9MTc2MjMwMDgwMA&ptn=3&ver=2&hsh=4&fclid=3c26bb10-94b6-6548-1cb8-ad8c955964cd&u=a1aHR0cHM6Ly93d3cuemhpaHUuY29tL3F1ZXN0aW9uLzQ4Mzc0NzU3OA&ntb=1
Introduction to Ceramics I course resources PDF OR lecture notes OR open courseware,zhihu.comhttps://www.zhihu.com › question,https://www.bing.com/ck/a?!&&p=e1e1c97be68e6c192aeb8fba83ab6f5cd3548caa5e7664d219df9334a14bc939JmltdHM9MTc2MjMwMDgwMA&ptn=3&ver=2&hsh=4&fclid=3c26bb10-94b6-6548-1cb8-ad8c955964cd&u=a1aHR0cHM6Ly93d3cuemhpaHUuY29tL3F1ZXN0aW9uLzQ5MzU1MTIxP3NvcnQ9Y3JlYXRlZA&ntb=1
Introduction to Ceramics I course resources PDF OR lecture notes OR open courseware,zhihu.comhttps://www.zhihu.com › question,https://www.bing.com/ck/a?!&&p=5bcec016ae4d7021eb7143a35f637f6151c2019864063e5294eadb9487f79151JmltdHM9MTc2MjMwMDgwMA&ptn=3&ver=2&hsh=4&fclid=3c26bb10-94b6-6548-1cb8-ad8c955964cd&u=a1aHR0cHM6Ly93d3cuemhpaHUuY29tL3F1ZXN0aW9uLzUzMTE4NDgyMg&ntb=1
Introduction to Ceramics I course resources PDF OR lecture notes OR open courseware,zhihu.comhttps://www.zhihu.com › question,https://www.bing.com/ck/a?!&&p=eff350aaa7465249c0760c61935789aa14650c98d8852e3f241ccb2be526db3fJmltdHM9MTc2MjMwMDgwMA&ptn=3&ver=2&hsh=4&fclid=3c26bb10-94b6-6548-1cb8-ad8c955964cd&u=a1aHR0cHM6Ly93d3cuemhpaHUuY29tL3F1ZXN0aW9uLzU1MTc0NzIwNA&ntb=1
Introduction to Ceramics I course resources PDF OR lecture notes OR open courseware,stackexchange.comhttps://english.stackexchange.com › questions,https://www.bing.com/ck/a?!&&p=5eee31c055662bdabb5767bc54231502f680aa96ee71adb3481168d487d8753eJmltdHM9MTc2MjMwMDgwMA&ptn=3&ver=2&hsh=4&fclid=3c26bb10-94b6-6548-1cb8-ad8c955964cd&u=a1aHR0cHM6Ly9lbmdsaXNoLnN0YWNrZXhjaGFuZ2UuY29tL3F1ZXN0aW9ucy8yNjUwOC9kaWZmZXJlbmNlLWJldHdlZW4taW50cm9kdWN0aW9uLXRvLWFuZC1pbnRyb2R1Y3Rpb24tb2Y&ntb=1
Introduction to Ceramics II course resources PDF OR lecture notes OR open courseware,zhihu.comhttps://www.zhihu.com › question,https://www.bing.com/ck/a?!&&p=fd8da639b606c79644a8d14ba837c2fb42b410244729aff22d64474a823a86e5JmltdHM9MTc2MjMwMDgwMA&ptn=3&ver=2&hsh=4&fclid=11937137-d1f5-6d20-0561-67abd0926ce0&u=a1aHR0cHM6Ly93d3cuemhpaHUuY29tL3F1ZXN0aW9uLzQ4Mzc0NzU3OA&ntb=1
Introduction to Ceramics II course resources PDF OR lecture notes OR open courseware,zhihu.comhttps://www.zhihu.com › question,https://www.bing.com/ck/a?!&&p=4b81581a364c3ea5f2f785bea92c1a8a7b431d6ea7df920856d6ab0d64fc4453JmltdHM9MTc2MjMwMDgwMA&ptn=3&ver=2&hsh=4&fclid=11937137-d1f5-6d20-0561-67abd0926ce0&u=a1aHR0cHM6Ly93d3cuemhpaHUuY29tL3F1ZXN0aW9uLzQ5MzU1MTIxP3NvcnQ9Y3JlYXRlZA&ntb=1
Introduction to Ceramics II course resources PDF OR lecture notes OR open courseware,zhihu.comhttps://www.zhihu.com › question,https://www.bing.com/ck/a?!&&p=9e56002e9c8a6cbc25b0909570684bc7f565b760d37c806ebf164d8ae9392f4fJmltdHM9MTc2MjMwMDgwMA&ptn=3&ver=2&hsh=4&fclid=11937137-d1f5-6d20-0561-67abd0926ce0&u=a1aHR0cHM6Ly93d3cuemhpaHUuY29tL3F1ZXN0aW9uLzUzMTE4NDgyMg&ntb=1
Introduction to Ceramics II course resources PDF OR lecture notes OR open courseware,zhihu.comhttps://www.zhihu.com › question,https://www.bing.com/ck/a?!&&p=df6b181e224d6d63ffe3f3b7a0dbc818c94a9f25e1c824528f4b18bf4f5a5f94JmltdHM9MTc2MjMwMDgwMA&ptn=3&ver=2&hsh=4&fclid=11937137-d1f5-6d20-0561-67abd0926ce0&u=a1aHR0cHM6Ly93d3cuemhpaHUuY29tL3F1ZXN0aW9uLzU1MTc0NzIwNA&ntb=1
Introduction to Ceramics II course resources PDF OR lecture notes OR open courseware,stackexchange.comhttps://english.stackexchange.com › questions,https://www.bing.com/ck/a?!&&p=e35dccab66e0aca83ea433e7a6e4f194cc6e68067f30d3ecf1f8f24e8b587f02JmltdHM9MTc2MjMwMDgwMA&ptn=3&ver=2&hsh=4&fclid=11937137-d1f5-6d20-0561-67abd0926ce0&u=a1aHR0cHM6Ly9lbmdsaXNoLnN0YWNrZXhjaGFuZ2UuY29tL3F1ZXN0aW9ucy8yNjUwOC9kaWZmZXJlbmNlLWJldHdlZW4taW50cm9kdWN0aW9uLXRvLWFuZC1pbnRyb2R1Y3Rpb24tb2Y&ntb=1
Introduction to The Visual Book course resources PDF OR lecture notes OR open courseware,zhihu.comhttps://www.zhihu.com › question,https://www.bing.com/ck/a?!&&p=52b5a9d9441fbb5b0ae973fae30179908218897955e03333e6e265f96222e041JmltdHM9MTc2MjMwMDgwMA&ptn=3&ver=2&hsh=4&fclid=249392f4-d42a-6c42-231a-8468d5786d3d&u=a1aHR0cHM6Ly93d3cuemhpaHUuY29tL3F1ZXN0aW9uLzQ4Mzc0NzU3OA&ntb=1
Introduction to The Visual Book course resources PDF OR lecture notes OR open courseware,zhihu.comhttps://www.zhihu.com › question,https://www.bing.com/ck/a?!&&p=e95c16cf0d236f8709e9f3043bf0b335f82664ee723b23d2d61253f496eee02cJmltdHM9MTc2MjMwMDgwMA&ptn=3&ver=2&hsh=4&fclid=249392f4-d42a-6c42-231a-8468d5786d3d&u=a1aHR0cHM6Ly93d3cuemhpaHUuY29tL3F1ZXN0aW9uLzQ5MzU1MTIxP3NvcnQ9Y3JlYXRlZA&ntb=1
Introduction to The Visual Book course resources PDF OR lecture notes OR open courseware,zhihu.comhttps://www.zhihu.com › question,https://www.bing.com/ck/a?!&&p=a2b6cdaf3b2052662a675ec09483378437cb66c3e2244aa8fdb3d976e8aa6b42JmltdHM9MTc2MjMwMDgwMA&ptn=3&ver=2&hsh=4&fclid=249392f4-d42a-6c42-231a-8468d5786d3d&u=a1aHR0cHM6Ly93d3cuemhpaHUuY29tL3F1ZXN0aW9uLzUzMTE4NDgyMg&ntb=1
Introduction to The Visual Book course resources PDF OR lecture notes OR open courseware,zhihu.comhttps://www.zhihu.com › question,https://www.bing.com/ck/a?!&&p=2adc9ece34cc1e5e1136476e1d51b0eafc0c6659b25082397d78b5e5c2c51e67JmltdHM9MTc2MjMwMDgwMA&ptn=3&ver=2&hsh=4&fclid=249392f4-d42a-6c42-231a-8468d5786d3d&u=a1aHR0cHM6Ly93d3cuemhpaHUuY29tL3F1ZXN0aW9uLzU1MTc0NzIwNA&ntb=1
Introduction to The Visual Book course resources PDF OR lecture notes OR open courseware,stackexchange.comhttps://english.stackexchange.com › questions,https://www.bing.com/ck/a?!&&p=a69af1b7f147b8a7b6964928992e098ccbb7bb09f184d485ac105bad086df7e7JmltdHM9MTc2MjMwMDgwMA&ptn=3&ver=2&hsh=4&fclid=249392f4-d42a-6c42-231a-8468d5786d3d&u=a1aHR0cHM6Ly9lbmdsaXNoLnN0YWNrZXhjaGFuZ2UuY29tL3F1ZXN0aW9ucy8yNjUwOC9kaWZmZXJlbmNlLWJldHdlZW4taW50cm9kdWN0aW9uLXRvLWFuZC1pbnRyb2R1Y3Rpb24tb2Y&ntb=1
Drawing: Media and Strategies course resources PDF OR lecture notes OR open courseware,sketch.iohttps://sketch.io › sketch,https://www.bing.com/ck/a?!&&p=ba73dd2f3fbefb661273815db4f2f51964861fd127cfafadd99a579d4601f5beJmltdHM9MTc2MjMwMDgwMA&ptn=3&ver=2&hsh=4&fclid=3d9a12ef-5363-6343-2bb4-047352266232&u=a1aHR0cHM6Ly9za2V0Y2guaW8vc2tldGNocGFkLw&ntb=1
Drawing: Media and Strategies course resources PDF OR lecture notes OR open courseware,sketch.iohttps://sketch.io,https://www.bing.com/ck/a?!&&p=feb0149bc0d82c242484efd14b56fd117c189bfefd1392245e1514f816b167bcJmltdHM9MTc2MjMwMDgwMA&ptn=3&ver=2&hsh=4&fclid=3d9a12ef-5363-6343-2bb4-047352266232&u=a1aHR0cHM6Ly9za2V0Y2guaW8vc2tldGNocGFkLXY1LjEv&ntb=1
Drawing: Media and Strategies course resources PDF OR lecture notes OR open courseware,sketch.iohttps://sketch.io,https://www.bing.com/ck/a?!&&p=addef26e46c9f276dc6ba98e903fc93b4038faec1e94efddd289952f24e3f161JmltdHM9MTc2MjMwMDgwMA&ptn=3&ver=2&hsh=4&fclid=3d9a12ef-5363-6343-2bb4-047352266232&u=a1aHR0cHM6Ly9za2V0Y2guaW8v&ntb=1
Drawing: Media and Strategies course resources PDF OR lecture notes OR open courseware,sketch.iohttps://sketch.io › mobile,https://www.bing.com/ck/a?!&&p=629d47ab8907d32430d3a24e85b128168d8939c039df3cf78f44a237fbe197d3JmltdHM9MTc2MjMwMDgwMA&ptn=3&ver=2&hsh=4&fclid=3d9a12ef-5363-6343-2bb4-047352266232&u=a1aHR0cHM6Ly9za2V0Y2guaW8vbW9iaWxlLw&ntb=1
Drawing: Media and Strategies course resources PDF OR lecture notes OR open courseware,sketch.iohttps://sketch.io,https://www.bing.com/ck/a?!&&p=2e2c7f7943ba989ec269ef55b6202fd6d3540e9030970f53bd4153248454dbe0JmltdHM9MTc2MjMwMDgwMA&ptn=3&ver=2&hsh=4&fclid=3d9a12ef-5363-6343-2bb4-047352266232&u=a1aHR0cHM6Ly9za2V0Y2guaW8vc2tldGNocGFkLXY0Lw&ntb=1
Introduction to Painting course resources PDF OR lecture notes OR open courseware,zhihu.comhttps://www.zhihu.com › question,https://www.bing.com/ck/a?!&&p=fb57a38c3fb5b9e7f15150c441fb4298aa6a2df408fdae5478390bfdc83db7e4JmltdHM9MTc2MjMwMDgwMA&ptn=3&ver=2&hsh=4&fclid=2f61944d-dc09-648a-027a-82d1dd4a6509&u=a1aHR0cHM6Ly93d3cuemhpaHUuY29tL3F1ZXN0aW9uLzQ4Mzc0NzU3OA&ntb=1
Introduction to Painting course resources PDF OR lecture notes OR open courseware,zhihu.comhttps://www.zhihu.com › question,https://www.bing.com/ck/a?!&&p=ba97508d60a0b6b80cecd18bb324f2ac7e2ace49f5236e935cf74cff2f010f53JmltdHM9MTc2MjMwMDgwMA&ptn=3&ver=2&hsh=4&fclid=2f61944d-dc09-648a-027a-82d1dd4a6509&u=a1aHR0cHM6Ly93d3cuemhpaHUuY29tL3F1ZXN0aW9uLzQ5MzU1MTIxP3NvcnQ9Y3JlYXRlZA&ntb=1
Introduction to Painting course resources PDF OR lecture notes OR open courseware,zhihu.comhttps://www.zhihu.com › question,https://www.bing.com/ck/a?!&&p=032fa8fea6eac4702e43a398c954504610f4ebf4b0198930d0d2ddf3baa1583bJmltdHM9MTc2MjMwMDgwMA&ptn=3&ver=2&hsh=4&fclid=2f61944d-dc09-648a-027a-82d1dd4a6509&u=a1aHR0cHM6Ly93d3cuemhpaHUuY29tL3F1ZXN0aW9uLzUzMTE4NDgyMg&ntb=1
Introduction to Painting course resources PDF OR lecture notes OR open courseware,zhihu.comhttps://www.zhihu.com › question,https://www.bing.com/ck/a?!&&p=6fa6dbb136ce329bad207b6926e51c212cbd31976b3e6a9e202207deef2f15a9JmltdHM9MTc2MjMwMDgwMA&ptn=3&ver=2&hsh=4&fclid=2f61944d-dc09-648a-027a-82d1dd4a6509&u=a1aHR0cHM6Ly93d3cuemhpaHUuY29tL3F1ZXN0aW9uLzU1MTc0NzIwNA&ntb=1
Introduction to Painting course resources PDF OR lecture notes OR open courseware,stackexchange.comhttps://english.stackexchange.com › questions,https://www.bing.com/ck/a?!&&p=21d77fefd5782a6492c4006a27cd303e89c101937840929728557ad7dba439ceJmltdHM9MTc2MjMwMDgwMA&ptn=3&ver=2&hsh=4&fclid=2f61944d-dc09-648a-027a-82d1dd4a6509&u=a1aHR0cHM6Ly9lbmdsaXNoLnN0YWNrZXhjaGFuZ2UuY29tL3F1ZXN0aW9ucy8yNjUwOC9kaWZmZXJlbmNlLWJldHdlZW4taW50cm9kdWN0aW9uLXRvLWFuZC1pbnRyb2R1Y3Rpb24tb2Y&ntb=1
Photography: Analog to Digital course resources PDF OR lecture notes OR open courseware,cambridge.orghttps://dictionary.cambridge.org › zhs › 词典 › 英语-汉语-简体 › photogra…,https://dictionary.cambridge.org/zhs/%E8%AF%8D%E5%85%B8/%E8%8B%B1%E8%AF%AD-%E6%B1%89%E8%AF%AD-%E7%AE%80%E4%BD%93/photography
Photography: Analog to Digital course resources PDF OR lecture notes OR open courseware,cambridge.orghttps://dictionary.cambridge.org › zht › 詞典 › 英語-漢語-繁體 › photogra…,https://dictionary.cambridge.org/zht/%E8%A9%9E%E5%85%B8/%E8%8B%B1%E8%AA%9E-%E6%BC%A2%E8%AA%9E-%E7%B9%81%E9%AB%94/photography
Photography: Analog to Digital course resources PDF OR lecture notes OR open courseware,photo.nethttps://www.photo.net,https://www.photo.net/
Photography: Analog to Digital course resources PDF OR lecture notes OR open courseware,cambridge.orghttps://dictionary.cambridge.org › vi › dictionary › english › photography,https://dictionary.cambridge.org/vi/dictionary/english/photography
Photography: Analog to Digital course resources PDF OR lecture notes OR open courseware,photo.nethttps://www.photo.net › forums › forum,https://www.photo.net/forums/forum/1-general-photography-discussion/
Introduction to Printmaking: Intaglio and Relief course resources PDF OR lecture notes OR open courseware,zhihu.comhttps://www.zhihu.com › question,https://www.bing.com/ck/a?!&&p=d754cf0e8f97e583b33cf216085bf2bb10fab3872de6c84fc437c77284aa9d74JmltdHM9MTc2MjMwMDgwMA&ptn=3&ver=2&hsh=4&fclid=1efd6a3a-bf5a-6891-2621-7ca6be7d6951&u=a1aHR0cHM6Ly93d3cuemhpaHUuY29tL3F1ZXN0aW9uLzQ4Mzc0NzU3OA&ntb=1
Introduction to Printmaking: Intaglio and Relief course resources PDF OR lecture notes OR open courseware,zhihu.comhttps://www.zhihu.com › question,https://www.bing.com/ck/a?!&&p=7eff687fba8f427062ccadcaf6619794301b3c1696f2a954ed278b0b3c1d6c6dJmltdHM9MTc2MjMwMDgwMA&ptn=3&ver=2&hsh=4&fclid=1efd6a3a-bf5a-6891-2621-7ca6be7d6951&u=a1aHR0cHM6Ly93d3cuemhpaHUuY29tL3F1ZXN0aW9uLzQ5MzU1MTIxP3NvcnQ9Y3JlYXRlZA&ntb=1
Introduction to Printmaking: Intaglio and Relief course resources PDF OR lecture notes OR open courseware,zhihu.comhttps://www.zhihu.com › question,https://www.bing.com/ck/a?!&&p=46f72cce41c8ab092885b4bc0724e82e2456e5829245f0a349fb1d9637120b1bJmltdHM9MTc2MjMwMDgwMA&ptn=3&ver=2&hsh=4&fclid=1efd6a3a-bf5a-6891-2621-7ca6be7d6951&u=a1aHR0cHM6Ly93d3cuemhpaHUuY29tL3F1ZXN0aW9uLzUzMTE4NDgyMg&ntb=1
Introduction to Printmaking: Intaglio and Relief course resources PDF OR lecture notes OR open courseware,zhihu.comhttps://www.zhihu.com › question,https://www.bing.com/ck/a?!&&p=52acf4ff25e3713da56dc25e6d7911d6b4d498513c37424dc7796be5f75b5395JmltdHM9MTc2MjMwMDgwMA&ptn=3&ver=2&hsh=4&fclid=1efd6a3a-bf5a-6891-2621-7ca6be7d6951&u=a1aHR0cHM6Ly93d3cuemhpaHUuY29tL3F1ZXN0aW9uLzU1MTc0NzIwNA&ntb=1
Introduction to Printmaking: Intaglio and Relief course resources PDF OR lecture notes OR open courseware,stackexchange.comhttps://english.stackexchange.com › questions,https://www.bing.com/ck/a?!&&p=dc5caf250f38b02e78b78d72505b7e3471fcc758fc059615b8edf318a144d303JmltdHM9MTc2MjMwMDgwMA&ptn=3&ver=2&hsh=4&fclid=1efd6a3a-bf5a-6891-2621-7ca6be7d6951&u=a1aHR0cHM6Ly9lbmdsaXNoLnN0YWNrZXhjaGFuZ2UuY29tL3F1ZXN0aW9ucy8yNjUwOC9kaWZmZXJlbmNlLWJldHdlZW4taW50cm9kdWN0aW9uLXRvLWFuZC1pbnRyb2R1Y3Rpb24tb2Y&ntb=1
Introduction to Printmaking: Lithography and Screen Printing course resources PDF OR lecture notes OR open courseware,zhihu.comhttps://www.zhihu.com › question,https://www.bing.com/ck/a?!&&p=953d74dce00ec508e1c6d3d00f68ef72d51fe4bbadfd6fab2f8819b746505c72JmltdHM9MTc2MjMwMDgwMA&ptn=3&ver=2&hsh=4&fclid=285fb31e-6dd6-654d-3a9c-a5826cfb644e&u=a1aHR0cHM6Ly93d3cuemhpaHUuY29tL3F1ZXN0aW9uLzQ4Mzc0NzU3OA&ntb=1
Introduction to Printmaking: Lithography and Screen Printing course resources PDF OR lecture notes OR open courseware,zhihu.comhttps://www.zhihu.com › question,https://www.bing.com/ck/a?!&&p=d4a25340d41919ce1ddfa2493a874d36b6778e048f58d9e2c0fa29c1d9d54fb6JmltdHM9MTc2MjMwMDgwMA&ptn=3&ver=2&hsh=4&fclid=285fb31e-6dd6-654d-3a9c-a5826cfb644e&u=a1aHR0cHM6Ly93d3cuemhpaHUuY29tL3F1ZXN0aW9uLzQ5MzU1MTIxP3NvcnQ9Y3JlYXRlZA&ntb=1
Introduction to Printmaking: Lithography and Screen Printing course resources PDF OR lecture notes OR open courseware,zhihu.comhttps://www.zhihu.com › question,https://www.bing.com/ck/a?!&&p=f17f0fb2a58a65f7e9d1db14e34af1b507507086f35d8346670ef3bfa73eb008JmltdHM9MTc2MjMwMDgwMA&ptn=3&ver=2&hsh=4&fclid=285fb31e-6dd6-654d-3a9c-a5826cfb644e&u=a1aHR0cHM6Ly93d3cuemhpaHUuY29tL3F1ZXN0aW9uLzUzMTE4NDgyMg&ntb=1
Introduction to Printmaking: Lithography and Screen Printing course resources PDF OR lecture notes OR open courseware,zhihu.comhttps://www.zhihu.com › question,https://www.bing.com/ck/a?!&&p=d58f7a25da9d9401ad79ec4c8dcae44c266cff1b0c74baac8d2137ad0f3f5134JmltdHM9MTc2MjMwMDgwMA&ptn=3&ver=2&hsh=4&fclid=285fb31e-6dd6-654d-3a9c-a5826cfb644e&u=a1aHR0cHM6Ly93d3cuemhpaHUuY29tL3F1ZXN0aW9uLzU1MTc0NzIwNA&ntb=1
Introduction to Printmaking: Lithography and Screen Printing course resources PDF OR lecture notes OR open courseware,stackexchange.comhttps://english.stackexchange.com › questions,https://www.bing.com/ck/a?!&&p=ce65888ae9bd62d3eea7e20f334b221c70a2ad7f897a95bfb4005316504bae79JmltdHM9MTc2MjMwMDgwMA&ptn=3&ver=2&hsh=4&fclid=285fb31e-6dd6-654d-3a9c-a5826cfb644e&u=a1aHR0cHM6Ly9lbmdsaXNoLnN0YWNrZXhjaGFuZ2UuY29tL3F1ZXN0aW9ucy8yNjUwOC9kaWZmZXJlbmNlLWJldHdlZW4taW50cm9kdWN0aW9uLXRvLWFuZC1pbnRyb2R1Y3Rpb24tb2Y&ntb=1
Sculpture: Additive and Subtractive Processes course resources PDF OR lecture notes OR open courseware,wikipedia.orghttps://en.wikipedia.org › wiki › Sculpture,https://www.bing.com/ck/a?!&&p=70e7df846b2a44db3010ce7db33e9303f215587aba992a3f23ea2271522fed8aJmltdHM9MTc2MjMwMDgwMA&ptn=3&ver=2&hsh=4&fclid=211d6233-0fdc-684c-3dff-74af0ea069ec&u=a1aHR0cHM6Ly9lbi53aWtpcGVkaWEub3JnL3dpa2kvU2N1bHB0dXJl&ntb=1
Sculpture: Additive and Subtractive Processes course resources PDF OR lecture notes OR open courseware,britannica.comhttps://www.britannica.com › art › sculpture,https://www.bing.com/ck/a?!&&p=df8465579efae4da6a17e0e860a149686a8f09ce2d167df9c09d303e68f0a7e6JmltdHM9MTc2MjMwMDgwMA&ptn=3&ver=2&hsh=4&fclid=211d6233-0fdc-684c-3dff-74af0ea069ec&u=a1aHR0cHM6Ly93d3cuYnJpdGFubmljYS5jb20vYXJ0L3NjdWxwdHVyZQ&ntb=1
Sculpture: Additive and Subtractive Processes course resources PDF OR lecture notes OR open courseware,nga.govhttps://www.nga.gov › educational-resources › explore-basics-sculpture,https://www.bing.com/ck/a?!&&p=b6485f2dca8b7ee1c6ae0e2ff703b301879b37bb2cfc4dc5bb0a9cd866657b97JmltdHM9MTc2MjMwMDgwMA&ptn=3&ver=2&hsh=4&fclid=211d6233-0fdc-684c-3dff-74af0ea069ec&u=a1aHR0cHM6Ly93d3cubmdhLmdvdi9lZHVjYXRpb25hbC1yZXNvdXJjZXMvZXhwbG9yZS1iYXNpY3Mtc2N1bHB0dXJl&ntb=1
Sculpture: Additive and Subtractive Processes course resources PDF OR lecture notes OR open courseware,artlex.comhttps://www.artlex.com › sculptures › famous-sculptures,https://www.bing.com/ck/a?!&&p=e64b79b254b9c1ba97e823f694fde9ad4ff5bc6f83b3dd6827a755eabf385463JmltdHM9MTc2MjMwMDgwMA&ptn=3&ver=2&hsh=4&fclid=211d6233-0fdc-684c-3dff-74af0ea069ec&u=a1aHR0cHM6Ly93d3cuYXJ0bGV4LmNvbS9zY3VscHR1cmVzL2ZhbW91cy1zY3VscHR1cmVzLw&ntb=1
Sculpture: Additive and Subtractive Processes course resources PDF OR lecture notes OR open courseware,jerwoodvisualarts.orghttps://jerwoodvisualarts.org › ... › sculpture,https://www.bing.com/ck/a?!&&p=af5a1758cdef4d3165f03f13e09fa27e7606852bf5ab2f79ec4a747726c104eaJmltdHM9MTc2MjMwMDgwMA&ptn=3&ver=2&hsh=4&fclid=211d6233-0fdc-684c-3dff-74af0ea069ec&u=a1aHR0cHM6Ly9qZXJ3b29kdmlzdWFsYXJ0cy5vcmcvYXJ0LXRlY2huaXF1ZXMtYW5kLW1hdGVyaWFscy1nbG9zc2FyeS9zY3VscHR1cmUv&ntb=1
Sculpture: Altered and Constructed Processes course resources PDF OR lecture notes OR open courseware,wikipedia.orghttps://en.wikipedia.org › wiki › Sculpture,https://en.wikipedia.org/wiki/Sculpture
Sculpture: Altered and Constructed Processes course resources PDF OR lecture notes OR open courseware,britannica.comhttps://www.britannica.com › art › sculpture,https://www.britannica.com/art/sculpture
Sculpture: Altered and Constructed Processes course resources PDF OR lecture notes OR open courseware,nga.govhttps://www.nga.gov › educational-resources › explore-basics-sculpture,https://www.nga.gov/educational-resources/explore-basics-sculpture
Sculpture: Altered and Constructed Processes course resources PDF OR lecture notes OR open courseware,artlex.comhttps://www.artlex.com › sculptures › famous-sculptures,https://www.artlex.com/sculptures/famous-sculptures/
Sculpture: Altered and Constructed Processes course resources PDF OR lecture notes OR open courseware,jerwoodvisualarts.orghttps://jerwoodvisualarts.org › ... › sculpture,https://jerwoodvisualarts.org/art-techniques-and-materials-glossary/sculpture/
Topics in Studio Art course resources PDF OR lecture notes OR open courseware,merriam-webster.comhttps://www.merriam-webster.com › dictionary › topic,https://www.bing.com/ck/a?!&&p=b7ba4bb9cea45efbcf7bdef1742d52139c81b5196508cd83b63deae115060b00JmltdHM9MTc2MjMwMDgwMA&ptn=3&ver=2&hsh=4&fclid=3f427e05-60a9-61a2-3055-689961ed608c&u=a1aHR0cHM6Ly93d3cubWVycmlhbS13ZWJzdGVyLmNvbS9kaWN0aW9uYXJ5L3RvcGlj&ntb=1
Topics in Studio Art course resources PDF OR lecture notes OR open courseware,thoughtco.comhttps://www.thoughtco.com,https://www.bing.com/ck/a?!&&p=3d4eae1f684068899f0a9a01764d3f686abeeaead06c48f3ecac9712e414d409JmltdHM9MTc2MjMwMDgwMA&ptn=3&ver=2&hsh=4&fclid=3f427e05-60a9-61a2-3055-689961ed608c&u=a1aHR0cHM6Ly93d3cudGhvdWdodGNvLmNvbS9kaWZmZXJlbnQtd3JpdGluZy10b3BpY3MtMTY5MjQ0Ng&ntb=1
Topics in Studio Art course resources PDF OR lecture notes OR open courseware,thoughtco.comhttps://www.thoughtco.com,https://www.bing.com/ck/a?!&&p=0bda276bfaabd1d25eabf084de62a8835f62f669f6d927bdfc5515685b377353JmltdHM9MTc2MjMwMDgwMA&ptn=3&ver=2&hsh=4&fclid=3f427e05-60a9-61a2-3055-689961ed608c&u=a1aHR0cHM6Ly93d3cudGhvdWdodGNvLmNvbS9hcmd1bWVudC1lc3NheS10b3BpY3MtMTg1Njk4Nw&ntb=1
Topics in Studio Art course resources PDF OR lecture notes OR open courseware,collinsdictionary.comhttps://www.collinsdictionary.com › dictionary › english › topic,https://www.bing.com/ck/a?!&&p=9cadfcedf9a6223863d6fb1e31bc10d165217aef62bd48a45e7bfd56ebcb38e6JmltdHM9MTc2MjMwMDgwMA&ptn=3&ver=2&hsh=4&fclid=3f427e05-60a9-61a2-3055-689961ed608c&u=a1aHR0cHM6Ly93d3cuY29sbGluc2RpY3Rpb25hcnkuY29tL2RpY3Rpb25hcnkvZW5nbGlzaC90b3BpYw&ntb=1
Topics in Studio Art course resources PDF OR lecture notes OR open courseware,thoughtco.comhttps://www.thoughtco.com,https://www.bing.com/ck/a?!&&p=9ab58b443afae37a2b1ffbf287b69c68b4b03cd90a7208456026387038fe17faJmltdHM9MTc2MjMwMDgwMA&ptn=3&ver=2&hsh=4&fclid=3f427e05-60a9-61a2-3055-689961ed608c&u=a1aHR0cHM6Ly93d3cudGhvdWdodGNvLmNvbS9wZXJzdWFzaXZlLWVzc2F5LXRvcGljcy0xODU2OTc4&ntb=1
Exploring Time-Based Art & Design course resources PDF OR lecture notes OR open courseware,merriam-webster.comhttps://www.merriam-webster.com › dictionary › exploring,https://www.bing.com/ck/a?!&&p=6141ed984e5de81dfa349e7c8d84fae7383cbbf76c8c780991de15f2dd19c155JmltdHM9MTc2MjMwMDgwMA&ptn=3&ver=2&hsh=4&fclid=2b276002-60cd-642b-0dcd-769e61db6561&u=a1aHR0cHM6Ly93d3cubWVycmlhbS13ZWJzdGVyLmNvbS9kaWN0aW9uYXJ5L2V4cGxvcmluZw&ntb=1
Exploring Time-Based Art & Design course resources PDF OR lecture notes OR open courseware,cambridge.orghttps://dictionary.cambridge.org › ... › english › exploring,https://www.bing.com/ck/a?!&&p=65b882271f4bd33d6c2c4d9d1df71d69a3bc16b7adb11fbd0ead092bb9991de5JmltdHM9MTc2MjMwMDgwMA&ptn=3&ver=2&hsh=4&fclid=2b276002-60cd-642b-0dcd-769e61db6561&u=a1aHR0cHM6Ly9kaWN0aW9uYXJ5LmNhbWJyaWRnZS5vcmcvdXMvZGljdGlvbmFyeS9lbmdsaXNoL2V4cGxvcmluZw&ntb=1
Exploring Time-Based Art & Design course resources PDF OR lecture notes OR open courseware,exploring.orghttps://www.exploring.org,https://www.bing.com/ck/a?!&&p=2a80ed40d3780938f5f168938311f97e9c1c4d01046362ea10b769cce719b57bJmltdHM9MTc2MjMwMDgwMA&ptn=3&ver=2&hsh=4&fclid=2b276002-60cd-642b-0dcd-769e61db6561&u=a1aHR0cHM6Ly93d3cuZXhwbG9yaW5nLm9yZy8&ntb=1
Exploring Time-Based Art & Design course resources PDF OR lecture notes OR open courseware,collinsdictionary.comhttps://www.collinsdictionary.com › ... › english › exploring,https://www.bing.com/ck/a?!&&p=e41abf1db681670f29b83e8bccba5adc4f1b1f5671b67db56f94ec227cdbae1dJmltdHM9MTc2MjMwMDgwMA&ptn=3&ver=2&hsh=4&fclid=2b276002-60cd-642b-0dcd-769e61db6561&u=a1aHR0cHM6Ly93d3cuY29sbGluc2RpY3Rpb25hcnkuY29tL3VzL2RpY3Rpb25hcnkvZW5nbGlzaC9leHBsb3Jpbmc&ntb=1
Exploring Time-Based Art & Design course resources PDF OR lecture notes OR open courseware,thefreedictionary.comhttps://www.thefreedictionary.com › exploring,https://www.bing.com/ck/a?!&&p=236b9b076a7cf6ba22f403829fe249d0998289fceb5d5f174bed27c838463b11JmltdHM9MTc2MjMwMDgwMA&ptn=3&ver=2&hsh=4&fclid=2b276002-60cd-642b-0dcd-769e61db6561&u=a1aHR0cHM6Ly93d3cudGhlZnJlZWRpY3Rpb25hcnkuY29tL2V4cGxvcmluZw&ntb=1
Intermediate Ceramics course resources PDF OR lecture notes OR open courseware,zhihu.comhttps://www.zhihu.com › question,https://www.bing.com/ck/a?!&&p=b4dc48e22fd8536e92f54fbb5697b902b26d49ca32d1920b09e5b6e84a4e9d74JmltdHM9MTc2MjMwMDgwMA&ptn=3&ver=2&hsh=4&fclid=01f0486f-542b-6320-3ac0-5ef355166226&u=a1aHR0cHM6Ly93d3cuemhpaHUuY29tL3F1ZXN0aW9uLzQ1MzA2MTM3MT93cml0ZQ&ntb=1
Intermediate Ceramics course resources PDF OR lecture notes OR open courseware,zhihu.comhttps://www.zhihu.com › question,https://www.bing.com/ck/a?!&&p=331adf248253be7afa40a1657c085da8119188eea2bc7ef7ed16363d8af1ec8fJmltdHM9MTc2MjMwMDgwMA&ptn=3&ver=2&hsh=4&fclid=01f0486f-542b-6320-3ac0-5ef355166226&u=a1aHR0cHM6Ly93d3cuemhpaHUuY29tL3F1ZXN0aW9uLzQzMzczMzE4NQ&ntb=1
Intermediate Ceramics course resources PDF OR lecture notes OR open courseware,zhihu.comhttps://www.zhihu.com › question,https://www.bing.com/ck/a?!&&p=7b2b7a097342c82fa2835e6236d009283c6f4ddaf0065189dabc38466592c5a2JmltdHM9MTc2MjMwMDgwMA&ptn=3&ver=2&hsh=4&fclid=01f0486f-542b-6320-3ac0-5ef355166226&u=a1aHR0cHM6Ly93d3cuemhpaHUuY29tL3F1ZXN0aW9uLzE0NzExMjg5NDI4&ntb=1
Intermediate Ceramics course resources PDF OR lecture notes OR open courseware,zhihu.comhttps://www.zhihu.com › question › answers › updated,https://www.bing.com/ck/a?!&&p=991305a73fe3097f3b43d9a3a2a24e6b5c5ad81d7822c632d2d5defeec17b70bJmltdHM9MTc2MjMwMDgwMA&ptn=3&ver=2&hsh=4&fclid=01f0486f-542b-6320-3ac0-5ef355166226&u=a1aHR0cHM6Ly93d3cuemhpaHUuY29tL3F1ZXN0aW9uLzI2OTY5NDcxMy9hbnN3ZXJzL3VwZGF0ZWQ&ntb=1
Intermediate Ceramics course resources PDF OR lecture notes OR open courseware,zhihu.comhttps://www.zhihu.com › question,https://www.bing.com/ck/a?!&&p=4564a94e314c97b96eed9025d4ff49abab63e5398c7093685af0fb9e0c11f74aJmltdHM9MTc2MjMwMDgwMA&ptn=3&ver=2&hsh=4&fclid=01f0486f-542b-6320-3ac0-5ef355166226&u=a1aHR0cHM6Ly93d3cuemhpaHUuY29tL3F1ZXN0aW9uLzQxNDkwNDUy&ntb=1
The Visual Book II: Historical Influences on Contemporary Artists’ Books course resources PDF OR lecture notes OR open courseware,merriam-webster.comhttps://www.merriam-webster.com › dictionary › the,https://www.bing.com/ck/a?!&&p=ba86fdf771e04f0adb6f8da35a90177ff9440b6239e9804ad37b3bf7b7b2454cJmltdHM9MTc2MjMwMDgwMA&ptn=3&ver=2&hsh=4&fclid=0520f0b4-a053-66a0-061f-e628a187672c&u=a1aHR0cHM6Ly93d3cubWVycmlhbS13ZWJzdGVyLmNvbS9kaWN0aW9uYXJ5L3RoZQ&ntb=1
The Visual Book II: Historical Influences on Contemporary Artists’ Books course resources PDF OR lecture notes OR open courseware,thefreedictionary.comhttps://www.thefreedictionary.com › the,https://www.bing.com/ck/a?!&&p=ce3d5e7ed8e486ded6d046885b4e3af01644a318cb1a32f9b3c8aea7614c9d01JmltdHM9MTc2MjMwMDgwMA&ptn=3&ver=2&hsh=4&fclid=0520f0b4-a053-66a0-061f-e628a187672c&u=a1aHR0cHM6Ly93d3cudGhlZnJlZWRpY3Rpb25hcnkuY29tL3RoZQ&ntb=1
The Visual Book II: Historical Influences on Contemporary Artists’ Books course resources PDF OR lecture notes OR open courseware,cambridge.orghttps://dictionary.cambridge.org › dictionary › english › the,https://www.bing.com/ck/a?!&&p=c40d183277e5c7c593ba0f88522fb21cf5639b500f9cac604815f7faf16f63ceJmltdHM9MTc2MjMwMDgwMA&ptn=3&ver=2&hsh=4&fclid=0520f0b4-a053-66a0-061f-e628a187672c&u=a1aHR0cHM6Ly9kaWN0aW9uYXJ5LmNhbWJyaWRnZS5vcmcvZGljdGlvbmFyeS9lbmdsaXNoL3RoZQ&ntb=1
The Visual Book II: Historical Influences on Contemporary Artists’ Books course resources PDF OR lecture notes OR open courseware,britishcouncil.orghttps://learnenglish.britishcouncil.org › grammar › english-grammar...,https://www.bing.com/ck/a?!&&p=a6e39734dab37c57758fdb3b33eb7fab2512a9c92be2eb04afaa6c09e6634053JmltdHM9MTc2MjMwMDgwMA&ptn=3&ver=2&hsh=4&fclid=0520f0b4-a053-66a0-061f-e628a187672c&u=a1aHR0cHM6Ly9sZWFybmVuZ2xpc2guYnJpdGlzaGNvdW5jaWwub3JnL2dyYW1tYXIvZW5nbGlzaC1ncmFtbWFyLXJlZmVyZW5jZS9kZWZpbml0ZS1hcnRpY2xl&ntb=1
The Visual Book II: Historical Influences on Contemporary Artists’ Books course resources PDF OR lecture notes OR open courseware,wiktionary.orghttps://en.m.wiktionary.org › wiki › the,https://www.bing.com/ck/a?!&&p=3675510f077ddbf7eec51266f12c15075bb28022195882a27eb88189e7b59f2bJmltdHM9MTc2MjMwMDgwMA&ptn=3&ver=2&hsh=4&fclid=0520f0b4-a053-66a0-061f-e628a187672c&u=a1aHR0cHM6Ly9lbi5tLndpa3Rpb25hcnkub3JnL3dpa2kvdGhl&ntb=1
Book Arts Summer Workshop course resources PDF OR lecture notes OR open courseware,reddit.comhttps://www.reddit.com › whatsthatbook,https://www.bing.com/ck/a?!&&p=47dc41176a3e6da1c9930fccf57af62fb45d7e7fb6f6392cddbf02faae6c2ee0JmltdHM9MTc2MjMwMDgwMA&ptn=3&ver=2&hsh=4&fclid=1b667621-08cd-6d82-2b44-60bd09a66ccf&u=a1aHR0cHM6Ly93d3cucmVkZGl0LmNvbS9yL3doYXRzdGhhdGJvb2sv&ntb=1
Book Arts Summer Workshop course resources PDF OR lecture notes OR open courseware,reddit.comhttps://www.reddit.com › books,https://www.bing.com/ck/a?!&&p=d09f65249a0f84a8e185868b829c54ccf5553624b7eee8ed29f7b3816d8150f7JmltdHM9MTc2MjMwMDgwMA&ptn=3&ver=2&hsh=4&fclid=1b667621-08cd-6d82-2b44-60bd09a66ccf&u=a1aHR0cHM6Ly93d3cucmVkZGl0LmNvbS9yL2Jvb2tzLw&ntb=1
Book Arts Summer Workshop course resources PDF OR lecture notes OR open courseware,reddit.comhttps://www.reddit.com › sportsbook,https://www.bing.com/ck/a?!&&p=b1b94af7e4e7f7729ca459c150ee301480be3d708e709edb7589bb3357c4da51JmltdHM9MTc2MjMwMDgwMA&ptn=3&ver=2&hsh=4&fclid=1b667621-08cd-6d82-2b44-60bd09a66ccf&u=a1aHR0cHM6Ly93d3cucmVkZGl0LmNvbS9yL3Nwb3J0c2Jvb2svP2ZlZWRWaWV3VHlwZT1jbGFzc2ljVmlldw&ntb=1
Book Arts Summer Workshop course resources PDF OR lecture notes OR open courseware,reddit.comhttps://www.reddit.com › Minecraft › comments › is_there_any...,https://www.bing.com/ck/a?!&&p=b43ebaa070cda3576e78468a762628b46b3332e48c9688ecd902f54cf3c6563eJmltdHM9MTc2MjMwMDgwMA&ptn=3&ver=2&hsh=4&fclid=1b667621-08cd-6d82-2b44-60bd09a66ccf&u=a1aHR0cHM6Ly93d3cucmVkZGl0LmNvbS9yL01pbmVjcmFmdC9jb21tZW50cy8xMGFxNThwL2lzX3RoZXJlX2FueV93YXlfdG9fdHJhbnNmZXJfZW5jaGFudG1lbnRzX2Zyb20v&ntb=1
Book Arts Summer Workshop course resources PDF OR lecture notes OR open courseware,reddit.comhttps://www.reddit.com › Piracy › comments,https://www.bing.com/ck/a?!&&p=49bf33c1ffd7a8209e8a2813ae47bc73a10a16e3f96bb1b75bfe4fe34003b3edJmltdHM9MTc2MjMwMDgwMA&ptn=3&ver=2&hsh=4&fclid=1b667621-08cd-6d82-2b44-60bd09a66ccf&u=a1aHR0cHM6Ly93d3cucmVkZGl0LmNvbS9yL1BpcmFjeS9jb21tZW50cy8xNG90cHVpL3doZXJlX2RvX3lvdV9wZW9wbGVfZmluZF9lYm9va3NfdGhlcmVfZGF5cy8&ntb=1
Experimental Drawing course resources PDF OR lecture notes OR open courseware,merriam-webster.comhttps://www.merriam-webster.com › dictionary › experimental,https://www.bing.com/ck/a?!&&p=7f624e38e92d4f6223398fa01e46fc03349b377cf279c1dfa5f4863dbe4c45c9JmltdHM9MTc2MjMwMDgwMA&ptn=3&ver=2&hsh=4&fclid=3d5380a4-07df-6b47-0594-9638068c6a15&u=a1aHR0cHM6Ly93d3cubWVycmlhbS13ZWJzdGVyLmNvbS9kaWN0aW9uYXJ5L2V4cGVyaW1lbnRhbA&ntb=1
Experimental Drawing course resources PDF OR lecture notes OR open courseware,cambridge.orghttps://dictionary.cambridge.org › us › dictionary › english › experimental,https://www.bing.com/ck/a?!&&p=9e90b453910dcf43a6400c523ec9909f097d1682d81ce04825f7465d4f462e2cJmltdHM9MTc2MjMwMDgwMA&ptn=3&ver=2&hsh=4&fclid=3d5380a4-07df-6b47-0594-9638068c6a15&u=a1aHR0cHM6Ly9kaWN0aW9uYXJ5LmNhbWJyaWRnZS5vcmcvdXMvZGljdGlvbmFyeS9lbmdsaXNoL2V4cGVyaW1lbnRhbA&ntb=1
Experimental Drawing course resources PDF OR lecture notes OR open courseware,wikipedia.orghttps://en.wikipedia.org › wiki › Experiment,https://www.bing.com/ck/a?!&&p=69afcceb4c3e9c9be0b6a25818ea0d4f819cfad4fef7caf78017d2ff56cef25fJmltdHM9MTc2MjMwMDgwMA&ptn=3&ver=2&hsh=4&fclid=3d5380a4-07df-6b47-0594-9638068c6a15&u=a1aHR0cHM6Ly9lbi53aWtpcGVkaWEub3JnL3dpa2kvRXhwZXJpbWVudA&ntb=1
Experimental Drawing course resources PDF OR lecture notes OR open courseware,collinsdictionary.comhttps://www.collinsdictionary.com › dictionary › english › experimental,https://www.bing.com/ck/a?!&&p=fb8beab4169653240a54f52007b7e46ed79556d10730eefa47c32f74313aab1cJmltdHM9MTc2MjMwMDgwMA&ptn=3&ver=2&hsh=4&fclid=3d5380a4-07df-6b47-0594-9638068c6a15&u=a1aHR0cHM6Ly93d3cuY29sbGluc2RpY3Rpb25hcnkuY29tL2RpY3Rpb25hcnkvZW5nbGlzaC9leHBlcmltZW50YWw&ntb=1
Experimental Drawing course resources PDF OR lecture notes OR open courseware,oxfordlearnersdictionaries.comhttps://www.oxfordlearnersdictionaries.com › ...,https://www.bing.com/ck/a?!&&p=98a93941cf37388b4ce09a2bf50c27e6a5ceb6079dcdea6f86d50d58599ab6c2JmltdHM9MTc2MjMwMDgwMA&ptn=3&ver=2&hsh=4&fclid=3d5380a4-07df-6b47-0594-9638068c6a15&u=a1aHR0cHM6Ly93d3cub3hmb3JkbGVhcm5lcnNkaWN0aW9uYXJpZXMuY29tL2RlZmluaXRpb24vZW5nbGlzaC9leHBlcmltZW50YWw&ntb=1
Intermediate Drawing and Painting: The Figure course resources PDF OR lecture notes OR open courseware,healthline.comhttps://www.healthline.com › health › hiv-aids,https://www.bing.com/ck/a?!&&p=06e40bbc9e2469532b7132b9463f04fbb941a92693c6b41a90a91d43578f6c1aJmltdHM9MTc2MjMwMDgwMA&ptn=3&ver=2&hsh=4&fclid=0903d451-286a-6bef-099c-c2cd29936a86&u=a1aHR0cHM6Ly93d3cuaGVhbHRobGluZS5jb20vaGVhbHRoL2hpdi1haWRz&ntb=1
Intermediate Drawing and Painting: The Figure course resources PDF OR lecture notes OR open courseware,medlineplus.govhttps://medlineplus.gov › hiv.html,https://www.bing.com/ck/a?!&&p=2ce8fd7ccb28745a6477b57e1fa0cd84f466ced23977a2a22ac17faa2da48569JmltdHM9MTc2MjMwMDgwMA&ptn=3&ver=2&hsh=4&fclid=0903d451-286a-6bef-099c-c2cd29936a86&u=a1aHR0cHM6Ly9tZWRsaW5lcGx1cy5nb3YvaGl2Lmh0bWw&ntb=1
Intermediate Drawing and Painting: The Figure course resources PDF OR lecture notes OR open courseware,who.inthttps://www.who.int › news-room › questions-and-answers › item › HIV-…,https://www.bing.com/ck/a?!&&p=4bf1125a68e3b3fabdcdec9c93035aaf711566f73d4f6a55d7968016403d98bdJmltdHM9MTc2MjMwMDgwMA&ptn=3&ver=2&hsh=4&fclid=0903d451-286a-6bef-099c-c2cd29936a86&u=a1aHR0cHM6Ly93d3cud2hvLmludC9uZXdzLXJvb20vcXVlc3Rpb25zLWFuZC1hbnN3ZXJzL2l0ZW0vSElWLUFJRFM&ntb=1
Intermediate Drawing and Painting: The Figure course resources PDF OR lecture notes OR open courseware,hiv.govhttps://www.hiv.gov,https://www.bing.com/ck/a?!&&p=12f83940c126a640a08f4a9b4a51e80408d1a9f1e0af1c12bc425f64d40a467fJmltdHM9MTc2MjMwMDgwMA&ptn=3&ver=2&hsh=4&fclid=0903d451-286a-6bef-099c-c2cd29936a86&u=a1aHR0cHM6Ly93d3cuaGl2Lmdvdi8&ntb=1
Intermediate Drawing and Painting: The Figure course resources PDF OR lecture notes OR open courseware,cdc.govhttps://www.cdc.gov › hiv,https://www.bing.com/ck/a?!&&p=67bfe6200cda4b75971d3991b95169850f37c0b4679c69ea4e28f382990895faJmltdHM9MTc2MjMwMDgwMA&ptn=3&ver=2&hsh=4&fclid=0903d451-286a-6bef-099c-c2cd29936a86&u=a1aHR0cHM6Ly93d3cuY2RjLmdvdi9oaXYvaW5kZXguaHRtbA&ntb=1
Digital Photography course resources PDF OR lecture notes OR open courseware,ibm.comhttps://www.ibm.com › think › topics › digital-transformation,https://www.bing.com/ck/a?!&&p=a9a0486fc416ca67f6eb850228ca042f5f90241339179df59f4d19061986ace5JmltdHM9MTc2MjMwMDgwMA&ptn=3&ver=2&hsh=4&fclid=34eab37c-ec67-6fef-2500-a5e0ed956e70&u=a1aHR0cHM6Ly93d3cuaWJtLmNvbS90aGluay90b3BpY3MvZGlnaXRhbC10cmFuc2Zvcm1hdGlvbg&ntb=1
Digital Photography course resources PDF OR lecture notes OR open courseware,ibm.comhttps://www.ibm.com › br-pt › think › topics › digital-transformation,https://www.bing.com/ck/a?!&&p=e45cc83d6eeaa4d0e9a71111f49a3e96bb4712e57902035bf8baae89beaa4d56JmltdHM9MTc2MjMwMDgwMA&ptn=3&ver=2&hsh=4&fclid=34eab37c-ec67-6fef-2500-a5e0ed956e70&u=a1aHR0cHM6Ly93d3cuaWJtLmNvbS9ici1wdC90aGluay90b3BpY3MvZGlnaXRhbC10cmFuc2Zvcm1hdGlvbg&ntb=1
Digital Photography course resources PDF OR lecture notes OR open courseware,ibm.comhttps://www.ibm.com › think › topics › digital-forensics,https://www.bing.com/ck/a?!&&p=7960eeafa9dd3a335915f33530db9a670da56dbb39498d8c50674cc7d4b27dc4JmltdHM9MTc2MjMwMDgwMA&ptn=3&ver=2&hsh=4&fclid=34eab37c-ec67-6fef-2500-a5e0ed956e70&u=a1aHR0cHM6Ly93d3cuaWJtLmNvbS90aGluay90b3BpY3MvZGlnaXRhbC1mb3JlbnNpY3M&ntb=1
Digital Photography course resources PDF OR lecture notes OR open courseware,ibm.comhttps://www.ibm.com › es-es › think › topics › digital-transformation,https://www.bing.com/ck/a?!&&p=a7a94f0f657931abb9c8cf56c85a13de6de764f10e746ab5ba7cbbb80b17d740JmltdHM9MTc2MjMwMDgwMA&ptn=3&ver=2&hsh=4&fclid=34eab37c-ec67-6fef-2500-a5e0ed956e70&u=a1aHR0cHM6Ly93d3cuaWJtLmNvbS9lcy1lcy90aGluay90b3BpY3MvZGlnaXRhbC10cmFuc2Zvcm1hdGlvbg&ntb=1
Digital Photography course resources PDF OR lecture notes OR open courseware,ibm.comhttps://www.ibm.com › think › topics › digital-twin,https://www.bing.com/ck/a?!&&p=362fc816b9d7bff2fdc874652c769a4c1c54525dd8d803b413c126c129e1d4a0JmltdHM9MTc2MjMwMDgwMA&ptn=3&ver=2&hsh=4&fclid=34eab37c-ec67-6fef-2500-a5e0ed956e70&u=a1aHR0cHM6Ly93d3cuaWJtLmNvbS90aGluay90b3BpY3MvZGlnaXRhbC10d2lu&ntb=1
Experimental Printmaking course resources PDF OR lecture notes OR open courseware,merriam-webster.comhttps://www.merriam-webster.com › dictionary › experimental,https://www.bing.com/ck/a?!&&p=1271ed0080899fa21a9be8ac59f22febe8b2659fb774fd14076c0134abc8a39bJmltdHM9MTc2MjMwMDgwMA&ptn=3&ver=2&hsh=4&fclid=3ea6f6f8-0e98-6d76-1071-e0640f306cca&u=a1aHR0cHM6Ly93d3cubWVycmlhbS13ZWJzdGVyLmNvbS9kaWN0aW9uYXJ5L2V4cGVyaW1lbnRhbA&ntb=1
Experimental Printmaking course resources PDF OR lecture notes OR open courseware,cambridge.orghttps://dictionary.cambridge.org › us › dictionary › english › experimental,https://www.bing.com/ck/a?!&&p=5f49d1f2755f087ce041a7f8e334f7c67a271fd598ed2d75b5171fbef89116b5JmltdHM9MTc2MjMwMDgwMA&ptn=3&ver=2&hsh=4&fclid=3ea6f6f8-0e98-6d76-1071-e0640f306cca&u=a1aHR0cHM6Ly9kaWN0aW9uYXJ5LmNhbWJyaWRnZS5vcmcvdXMvZGljdGlvbmFyeS9lbmdsaXNoL2V4cGVyaW1lbnRhbA&ntb=1
Experimental Printmaking course resources PDF OR lecture notes OR open courseware,wikipedia.orghttps://en.wikipedia.org › wiki › Experiment,https://www.bing.com/ck/a?!&&p=27ec1afe8243003e894207775bbb5c892b51362101990e675b2586108fe5ff65JmltdHM9MTc2MjMwMDgwMA&ptn=3&ver=2&hsh=4&fclid=3ea6f6f8-0e98-6d76-1071-e0640f306cca&u=a1aHR0cHM6Ly9lbi53aWtpcGVkaWEub3JnL3dpa2kvRXhwZXJpbWVudA&ntb=1
Experimental Printmaking course resources PDF OR lecture notes OR open courseware,collinsdictionary.comhttps://www.collinsdictionary.com › dictionary › english › experimental,https://www.bing.com/ck/a?!&&p=166d58aad56094744c4d2924f42fc88f0902923f14149e28d3bcea688b571319JmltdHM9MTc2MjMwMDgwMA&ptn=3&ver=2&hsh=4&fclid=3ea6f6f8-0e98-6d76-1071-e0640f306cca&u=a1aHR0cHM6Ly93d3cuY29sbGluc2RpY3Rpb25hcnkuY29tL2RpY3Rpb25hcnkvZW5nbGlzaC9leHBlcmltZW50YWw&ntb=1
Experimental Printmaking course resources PDF OR lecture notes OR open courseware,oxfordlearnersdictionaries.comhttps://www.oxfordlearnersdictionaries.com › ...,https://www.bing.com/ck/a?!&&p=42c90729d0b202ccc3464fff4d7ac0ee9a96f62098b48ec8b1d6f1670ae6ddc4JmltdHM9MTc2MjMwMDgwMA&ptn=3&ver=2&hsh=4&fclid=3ea6f6f8-0e98-6d76-1071-e0640f306cca&u=a1aHR0cHM6Ly93d3cub3hmb3JkbGVhcm5lcnNkaWN0aW9uYXJpZXMuY29tL2RlZmluaXRpb24vZW5nbGlzaC9leHBlcmltZW50YWw&ntb=1
Topics in Sculpture course resources PDF OR lecture notes OR open courseware,autodesk.comhttps://forums.autodesk.com › autocad-forums › ct-p › autocad-en,https://www.bing.com/ck/a?!&&p=ecdac080b8e2998c792334c0cd9ce20c77f382b0c9f40ef93232fd329cda6070JmltdHM9MTc2MjMwMDgwMA&ptn=3&ver=2&hsh=4&fclid=14a59aad-c78e-6a20-1b39-8c31c69e6b6e&u=a1aHR0cHM6Ly9mb3J1bXMuYXV0b2Rlc2suY29tL3Q1L2F1dG9jYWQtZm9ydW1zL2N0LXAvYXV0b2NhZC1lbg&ntb=1
Topics in Sculpture course resources PDF OR lecture notes OR open courseware,autodesk.comhttps://forums.autodesk.com › autocad-todos-los-productos-foro › bd-p › …,https://www.bing.com/ck/a?!&&p=5b79cce4a9642b5b6a1a1bb3bbd61297ea93e5a074f960326ef0a72fb59fbd9fJmltdHM9MTc2MjMwMDgwMA&ptn=3&ver=2&hsh=4&fclid=14a59aad-c78e-6a20-1b39-8c31c69e6b6e&u=a1aHR0cHM6Ly9mb3J1bXMuYXV0b2Rlc2suY29tL3Q1L2F1dG9jYWQtdG9kb3MtbG9zLXByb2R1Y3Rvcy1mb3JvL2JkLXAvYXV0b2NhZC1mb3J1bS1lcw&ntb=1
Topics in Sculpture course resources PDF OR lecture notes OR open courseware,autodesk.comhttps://forums.autodesk.com › installation-licensing-forum,https://www.bing.com/ck/a?!&&p=9c3e92745dc85657ebddd10f24cdd640c62667a09332bc8a284f99e2709422f0JmltdHM9MTc2MjMwMDgwMA&ptn=3&ver=2&hsh=4&fclid=14a59aad-c78e-6a20-1b39-8c31c69e6b6e&u=a1aHR0cHM6Ly9mb3J1bXMuYXV0b2Rlc2suY29tL3Q1L2luc3RhbGxhdGlvbi1saWNlbnNpbmctZm9ydW0vMjAyMi1wcm9kdWN0cy1kaXJlY3QtZG93bmxvYWQtbGlua3MvdGQtcC8xMDE3ODY1NQ&ntb=1
Topics in Sculpture course resources PDF OR lecture notes OR open courseware,autodesk.comhttps://forums.autodesk.com › installation-licensing-forum,https://www.bing.com/ck/a?!&&p=f50a4a2ffc675a1f1e59b5721631253cc71747f3ee3d9f4810751e677c74a469JmltdHM9MTc2MjMwMDgwMA&ptn=3&ver=2&hsh=4&fclid=14a59aad-c78e-6a20-1b39-8c31c69e6b6e&u=a1aHR0cHM6Ly9mb3J1bXMuYXV0b2Rlc2suY29tL3Q1L2luc3RhbGxhdGlvbi1saWNlbnNpbmctZm9ydW0vMjAyNi1wcm9kdWN0LWRvd25sb2FkLWxpbmtzL3RkLXAvMTMzODk2NTg&ntb=1
Topics in Sculpture course resources PDF OR lecture notes OR open courseware,autodesk.comhttps://forums.autodesk.com › autocad-ri-ben-yuforamu › bd-p › autoca…,https://www.bing.com/ck/a?!&&p=ada38073e214cdf5dc059d87a10ea00a3229381692febf96faf0e19560e35349JmltdHM9MTc2MjMwMDgwMA&ptn=3&ver=2&hsh=4&fclid=14a59aad-c78e-6a20-1b39-8c31c69e6b6e&u=a1aHR0cHM6Ly9mb3J1bXMuYXV0b2Rlc2suY29tL3Q1L2F1dG9jYWQtcmktYmVuLXl1Zm9yYW11L2JkLXAvYXV0b2NhZC1mb3J1bS1qYQ&ntb=1
Internship in the Visual Arts course resources PDF OR lecture notes OR open courseware,internships.comhttps://www.internships.com › posting,https://www.bing.com/ck/a?!&&p=ede24ac844c65d98643fa3e23a193451120194571e4e62d5181191dd5999be1aJmltdHM9MTc2MjMwMDgwMA&ptn=3&ver=2&hsh=4&fclid=1955b0b0-9e40-68ab-259c-a62c9f6f690c&u=a1aHR0cHM6Ly93d3cuaW50ZXJuc2hpcHMuY29tL3Bvc3RpbmcvbGl0XzM5NTcxOTE3Nzgx&ntb=1
Internship in the Visual Arts course resources PDF OR lecture notes OR open courseware,internships.comhttps://skills.internships.com,https://www.bing.com/ck/a?!&&p=28181a02df841578db87abab54fbb215df7f3aa1cd58d48965f0555e25ccb981JmltdHM9MTc2MjMwMDgwMA&ptn=3&ver=2&hsh=4&fclid=1955b0b0-9e40-68ab-259c-a62c9f6f690c&u=a1aHR0cHM6Ly9za2lsbHMuaW50ZXJuc2hpcHMuY29tLz92aWV3PWV4cGVyaWVuY2VfdGFibGU&ntb=1
Senior Seminar in Studio Art course resources PDF OR lecture notes OR open courseware,zhihu.comhttps://www.zhihu.com › question,https://www.zhihu.com/question/20495911
Senior Seminar in Studio Art course resources PDF OR lecture notes OR open courseware,zhihu.comhttps://www.zhihu.com › question,https://www.zhihu.com/question/645075676?write
Senior Seminar in Studio Art course resources PDF OR lecture notes OR open courseware,zhihu.comhttps://www.zhihu.com › question,https://www.zhihu.com/question/1916115206569960157
Senior Seminar in Studio Art course resources PDF OR lecture notes OR open courseware,zhihu.comhttps://www.zhihu.com › question,https://www.zhihu.com/question/19871938
Senior Seminar in Studio Art course resources PDF OR lecture notes OR open courseware,zhihu.comhttps://www.zhihu.com › question › answers › updated,https://www.zhihu.com/question/48504205/answers/updated
Advanced Problems in Art course resources PDF OR lecture notes OR open courseware,advanceautoparts.comhttps://shop.advanceautoparts.com,https://www.bing.com/ck/a?!&&p=2ed2b3f79f4145b6a71443dd232415f517941470982748470ed95c6a10241e97JmltdHM9MTc2MjMwMDgwMA&ptn=3&ver=2&hsh=4&fclid=30f6a7f8-8077-63a6-1a21-b164818a62d1&u=a1aHR0cHM6Ly9zaG9wLmFkdmFuY2VhdXRvcGFydHMuY29tLz9tc29ja2lkPTMwZjZhN2Y4ODA3NzYzYTYxYTIxYjE2NDgxOGE2MmQx&ntb=1
Advanced Problems in Art course resources PDF OR lecture notes OR open courseware,advanceautoparts.comhttps://shop.advanceautoparts.com › find,https://www.bing.com/ck/a?!&&p=275c97e811360cf347360891c97e08c6880306644f98279cd4013e6fb7fd1209JmltdHM9MTc2MjMwMDgwMA&ptn=3&ver=2&hsh=4&fclid=30f6a7f8-8077-63a6-1a21-b164818a62d1&u=a1aHR0cHM6Ly9zaG9wLmFkdmFuY2VhdXRvcGFydHMuY29tL2ZpbmQvYWxsLW1ha2VzP21zb2NraWQ9MzBmNmE3Zjg4MDc3NjNhNjFhMjFiMTY0ODE4YTYyZDE&ntb=1
Advanced Problems in Art course resources PDF OR lecture notes OR open courseware,advanceautoparts.comhttps://shop.advanceautoparts.com › engine,https://www.bing.com/ck/a?!&&p=11a2b7c821812045108046335ee5609fb350ac67cce980d9db7896cf85871e03JmltdHM9MTc2MjMwMDgwMA&ptn=3&ver=2&hsh=4&fclid=30f6a7f8-8077-63a6-1a21-b164818a62d1&u=a1aHR0cHM6Ly9zaG9wLmFkdmFuY2VhdXRvcGFydHMuY29tL2MxL2VuZ2luZS84MTU0Mj9tc29ja2lkPTMwZjZhN2Y4ODA3NzYzYTYxYTIxYjE2NDgxOGE2MmQx&ntb=1
Advanced Problems in Art course resources PDF OR lecture notes OR open courseware,advanceautoparts.comhttps://shop.advanceautoparts.com › brands › advance-auto-parts,https://www.bing.com/ck/a?!&&p=b013948097d42c3d2ad13ed122b5f76b916c8fc752b5c7be4d5ea55949cfd077JmltdHM9MTc2MjMwMDgwMA&ptn=3&ver=2&hsh=4&fclid=30f6a7f8-8077-63a6-1a21-b164818a62d1&u=a1aHR0cHM6Ly9zaG9wLmFkdmFuY2VhdXRvcGFydHMuY29tL2JyYW5kcy9hZHZhbmNlLWF1dG8tcGFydHM_bXNvY2tpZD0zMGY2YTdmODgwNzc2M2E2MWEyMWIxNjQ4MThhNjJkMQ&ntb=1
Advanced Problems in Art course resources PDF OR lecture notes OR open courseware,advanceautoparts.comhttps://shop.advanceautoparts.com › battery,https://www.bing.com/ck/a?!&&p=b621f921f85ddc528ce9db88d9cba5e7b11ba9116957296add9795f2f1b02dd1JmltdHM9MTc2MjMwMDgwMA&ptn=3&ver=2&hsh=4&fclid=30f6a7f8-8077-63a6-1a21-b164818a62d1&u=a1aHR0cHM6Ly9zaG9wLmFkdmFuY2VhdXRvcGFydHMuY29tL2M0L2JhdHRlcnkvMTM2NDY_bXNvY2tpZD0zMGY2YTdmODgwNzc2M2E2MWEyMWIxNjQ4MThhNjJkMQ&ntb=1
Independent Study in Art course resources PDF OR lecture notes OR open courseware,independent.co.ukhttps://www.independent.co.uk,https://www.bing.com/ck/a?!&&p=9c9a4dfb79b1bd7e47260ffc07397ea8ec21e2d0b7020f2c55abc493d3824ff5JmltdHM9MTc2MjMwMDgwMA&ptn=3&ver=2&hsh=4&fclid=144daf85-f5aa-61b9-0939-b919f4fd6053&u=a1aHR0cHM6Ly93d3cuaW5kZXBlbmRlbnQuY28udWsv&ntb=1
Independent Study in Art course resources PDF OR lecture notes OR open courseware,wikipedia.orghttps://en.m.wikipedia.org › wiki › The_Independent,https://www.bing.com/ck/a?!&&p=50e37681bc5cf38866276f653b596eb9e97e4b3e72da4f2fe4120504c625d0a6JmltdHM9MTc2MjMwMDgwMA&ptn=3&ver=2&hsh=4&fclid=144daf85-f5aa-61b9-0939-b919f4fd6053&u=a1aHR0cHM6Ly9lbi5tLndpa2lwZWRpYS5vcmcvd2lraS9UaGVfSW5kZXBlbmRlbnQ&ntb=1
Independent Study in Art course resources PDF OR lecture notes OR open courseware,independent.co.ukhttps://www.independent.co.uk › us,https://www.bing.com/ck/a?!&&p=c2ccfbe19ffebb94ac2d1f94f674f28ad910326ae5310d0921d1782ebfa6f18cJmltdHM9MTc2MjMwMDgwMA&ptn=3&ver=2&hsh=4&fclid=144daf85-f5aa-61b9-0939-b919f4fd6053&u=a1aHR0cHM6Ly93d3cuaW5kZXBlbmRlbnQuY28udWsvdXM&ntb=1
Independent Study in Art course resources PDF OR lecture notes OR open courseware,independent.co.ukhttps://www.independent.co.uk › news › uk,https://www.bing.com/ck/a?!&&p=f2251c933a80ba90a01542134be09c88cf965bc95e6ee831ca842829013bb4b8JmltdHM9MTc2MjMwMDgwMA&ptn=3&ver=2&hsh=4&fclid=144daf85-f5aa-61b9-0939-b919f4fd6053&u=a1aHR0cHM6Ly93d3cuaW5kZXBlbmRlbnQuY28udWsvbmV3cy91aw&ntb=1
Independent Study in Art course resources PDF OR lecture notes OR open courseware,merriam-webster.comhttps://www.merriam-webster.com › dictionary › independent,https://www.bing.com/ck/a?!&&p=742df755d38ca90eff87a5f4134982755d09ba56452ca0fd6f2d979dbc0fe817JmltdHM9MTc2MjMwMDgwMA&ptn=3&ver=2&hsh=4&fclid=144daf85-f5aa-61b9-0939-b919f4fd6053&u=a1aHR0cHM6Ly93d3cubWVycmlhbS13ZWJzdGVyLmNvbS9kaWN0aW9uYXJ5L2luZGVwZW5kZW50&ntb=1
Topics in Studio Art course resources PDF OR lecture notes OR open courseware,google.com.arhttps://www.google.com.ar › index.html,https://www.bing.com/ck/a?!&&p=519ed0f466cd004aa0b915518a501e94dc3cefeb58510dcda795d16fb6cd1fabJmltdHM9MTc2MjMwMDgwMA&ptn=3&ver=2&hsh=4&fclid=2ad8d233-dec5-6831-0c8e-c4afdfad69ea&u=a1aHR0cHM6Ly93d3cuZ29vZ2xlLmNvbS5hci9pbmRleC5odG1s&ntb=1
Topics in Studio Art course resources PDF OR lecture notes OR open courseware,google.com.arhttps://translate.google.com.ar,https://www.bing.com/ck/a?!&&p=ed448535b2396a6b0fb03eb60126e79dc81226366fee059db8d402a43d14833bJmltdHM9MTc2MjMwMDgwMA&ptn=3&ver=2&hsh=4&fclid=2ad8d233-dec5-6831-0c8e-c4afdfad69ea&u=a1aHR0cHM6Ly90cmFuc2xhdGUuZ29vZ2xlLmNvbS5hci8&ntb=1
Topics in Studio Art course resources PDF OR lecture notes OR open courseware,google.com.arhttps://www.google.com.ar › videohp,https://www.bing.com/ck/a?!&&p=c7bc55d718b0daf72010e7fdc26c113c451ee5a1c42c51532ef72954794afad4JmltdHM9MTc2MjMwMDgwMA&ptn=3&ver=2&hsh=4&fclid=2ad8d233-dec5-6831-0c8e-c4afdfad69ea&u=a1aHR0cHM6Ly93d3cuZ29vZ2xlLmNvbS5hci92aWRlb2hw&ntb=1
Topics in Studio Art course resources PDF OR lecture notes OR open courseware,google.com.arhttps://www.google.com.ar › intl › es › maps › about,https://www.bing.com/ck/a?!&&p=dd5ab2b8a7d546a9e1107a95b9b2a6920e637d0d9df5b1d6b79e0e4dd837ffbbJmltdHM9MTc2MjMwMDgwMA&ptn=3&ver=2&hsh=4&fclid=2ad8d233-dec5-6831-0c8e-c4afdfad69ea&u=a1aHR0cHM6Ly93d3cuZ29vZ2xlLmNvbS5hci9pbnRsL2VzL21hcHMvYWJvdXQv&ntb=1
Topics in Studio Art course resources PDF OR lecture notes OR open courseware,google.com.arhttps://www.google.com.ar › alerts,https://www.bing.com/ck/a?!&&p=ef7ac16512fe8b12030ddd77d385c28adffdd3f6fb89827c0951f7f6ae69c8e4JmltdHM9MTc2MjMwMDgwMA&ptn=3&ver=2&hsh=4&fclid=2ad8d233-dec5-6831-0c8e-c4afdfad69ea&u=a1aHR0cHM6Ly93d3cuZ29vZ2xlLmNvbS5hci9hbGVydHM&ntb=1
Advanced Ceramics I course resources PDF OR lecture notes OR open courseware,advanceautoparts.comhttps://shop.advanceautoparts.com,https://www.bing.com/ck/a?!&&p=bc55588553aab74a6adb404612f7b64b66fd1674dced0a31965316fcb861efd4JmltdHM9MTc2MjMwMDgwMA&ptn=3&ver=2&hsh=4&fclid=2980831a-1604-6a3f-2c0b-958617396bb5&u=a1aHR0cHM6Ly9zaG9wLmFkdmFuY2VhdXRvcGFydHMuY29tLz9tc29ja2lkPTI5ODA4MzFhMTYwNDZhM2YyYzBiOTU4NjE3Mzk2YmI1&ntb=1
Advanced Ceramics I course resources PDF OR lecture notes OR open courseware,advanceautoparts.comhttps://shop.advanceautoparts.com › find,https://www.bing.com/ck/a?!&&p=9e5d8730df1cd8876d65e82cc24beec87ac2fa85de6815f238043c0ebf0f4670JmltdHM9MTc2MjMwMDgwMA&ptn=3&ver=2&hsh=4&fclid=2980831a-1604-6a3f-2c0b-958617396bb5&u=a1aHR0cHM6Ly9zaG9wLmFkdmFuY2VhdXRvcGFydHMuY29tL2ZpbmQvYWxsLW1ha2VzP21zb2NraWQ9Mjk4MDgzMWExNjA0NmEzZjJjMGI5NTg2MTczOTZiYjU&ntb=1
Advanced Ceramics I course resources PDF OR lecture notes OR open courseware,advanceautoparts.comhttps://shop.advanceautoparts.com › engine,https://www.bing.com/ck/a?!&&p=008d9500c6e44e740a4da96cac9bf006a8316521948b64124a259edd928a0a19JmltdHM9MTc2MjMwMDgwMA&ptn=3&ver=2&hsh=4&fclid=2980831a-1604-6a3f-2c0b-958617396bb5&u=a1aHR0cHM6Ly9zaG9wLmFkdmFuY2VhdXRvcGFydHMuY29tL2MxL2VuZ2luZS84MTU0Mj9tc29ja2lkPTI5ODA4MzFhMTYwNDZhM2YyYzBiOTU4NjE3Mzk2YmI1&ntb=1
Advanced Ceramics I course resources PDF OR lecture notes OR open courseware,advanceautoparts.comhttps://shop.advanceautoparts.com › brands › advance-auto-parts,https://www.bing.com/ck/a?!&&p=c107568dcb330c80799dc46b46ce81c6ccc3bedb9d3e2aae6b80e0f7bc6a1dc5JmltdHM9MTc2MjMwMDgwMA&ptn=3&ver=2&hsh=4&fclid=2980831a-1604-6a3f-2c0b-958617396bb5&u=a1aHR0cHM6Ly9zaG9wLmFkdmFuY2VhdXRvcGFydHMuY29tL2JyYW5kcy9hZHZhbmNlLWF1dG8tcGFydHM_bXNvY2tpZD0yOTgwODMxYTE2MDQ2YTNmMmMwYjk1ODYxNzM5NmJiNQ&ntb=1
Advanced Ceramics I course resources PDF OR lecture notes OR open courseware,advanceautoparts.comhttps://shop.advanceautoparts.com › battery,https://www.bing.com/ck/a?!&&p=5891eeafb753a11e758707537716d622c8e3d97ed0defd9275f2b82ebf328025JmltdHM9MTc2MjMwMDgwMA&ptn=3&ver=2&hsh=4&fclid=2980831a-1604-6a3f-2c0b-958617396bb5&u=a1aHR0cHM6Ly9zaG9wLmFkdmFuY2VhdXRvcGFydHMuY29tL2M0L2JhdHRlcnkvMTM2NDY_bXNvY2tpZD0yOTgwODMxYTE2MDQ2YTNmMmMwYjk1ODYxNzM5NmJiNQ&ntb=1
