user_id,timer_id,mood_level_id,note,recorded_at
72,35.0,2,Responsibility medical meeting attorney better food large suffer raise.,2025-10-17 22:35:09.894267
14,67.0,1,Choose both help ok again.,2025-10-28 17:16:32.590534
53,,1,Seat fight assume read again whatever us financial.,2025-10-16 17:42:08.622118
79,,3,During others very.,2025-10-31 07:07:51.038664
21,83.0,1,Your notice election remember.,2025-11-07 12:55:21.458151
55,86.0,4,Season continue opportunity few somebody establish save.,2025-10-30 07:08:58.034925
17,,4,Trouble dark commercial check already.,2025-10-28 17:00:38.255383
35,25.0,1,Peace which store help word common.,2025-10-22 09:12:04.016839
64,52.0,5,Newspaper explain peace get market see woman.,2025-10-17 17:35:02.820356
25,,5,About nation throw summer make low research life pressure.,2025-10-22 03:59:16.501527
97,55.0,4,Large former and wait offer get.,2025-11-02 17:07:01.650233
40,59.0,5,Lay family step member quite focus.,2025-10-17 10:39:48.032527
10,,1,Both from even fact school structure pretty fall.,2025-11-09 05:24:39.556836
23,36.0,2,Build treat either east term ago without prepare you picture wind.,2025-10-28 09:18:05.382732
99,47.0,2,Station several when anything also southern teacher wind water word.,2025-11-05 10:31:16.772933
59,,4,Easy throughout data day above despite suggest edge thought term example but economic trial.,2025-11-01 20:50:00.553377
70,,1,Different plant me case relate why above yard and store.,2025-10-20 22:20:13.226849
86,,3,Explain south he side put interesting very.,2025-11-03 21:58:37.948583
58,58.0,2,Remain sister drop.,2025-10-26 10:55:52.680510
57,2.0,1,Democratic follow deep end.,2025-10-18 04:24:32.304051
5,22.0,1,Organization water card cup point.,2025-10-21 16:19:28.493128
39,25.0,2,Number degree campaign ok figure seem page leave help why.,2025-10-27 08:29:17.814139
29,12.0,5,Sell sell firm.,2025-10-28 10:15:16.454909
15,88.0,4,Small although seek player up radio effect protect entire option class PM education popular party during.,2025-11-07 10:35:34.323522
9,,3,Example include boy soon sea beat.,2025-10-24 00:32:28.749250
11,47.0,2,Glass commercial sure past trade.,2025-11-05 07:49:28.086043
68,66.0,1,Beat personal movement.,2025-11-12 04:05:30.754677
84,64.0,3,Commercial technology during hotel seat trade former act.,2025-11-01 14:34:31.296261
35,68.0,4,Must garden sure support recognize born we either yeah.,2025-10-22 04:40:04.301277
50,29.0,4,Teach accept dinner loss former tell on represent very at improve.,2025-10-30 23:49:36.038025
50,80.0,4,Yeah hard class woman foot clearly view can growth.,2025-10-22 23:57:22.841741
85,11.0,3,Ten provide close care team perform.,2025-10-23 01:27:39.206230
29,99.0,2,Technology specific theory standard nice general.,2025-10-30 03:12:42.753619
86,38.0,1,Enter big myself myself several tree beyond.,2025-10-20 12:28:06.070300
35,36.0,1,Professor together whatever whatever wear address rock environmental provide what rate.,2025-11-10 04:46:56.984787
79,44.0,1,Money stock husband majority.,2025-11-03 13:50:27.681589
5,,1,Than on hear clearly employee which nor cause health chance natural.,2025-10-26 07:17:31.743253
83,57.0,3,Player claim trial type forget pay know environment last seat.,2025-11-07 09:14:45.363412
57,25.0,5,Conference window speak they.,2025-10-17 22:28:14.874009
95,68.0,5,Memory same have Mrs even provide give try consumer room adult.,2025-11-07 12:26:56.200144
35,99.0,2,Try picture interest couple.,2025-10-26 02:01:25.595325
7,52.0,2,How bill back American forward anyone indicate meet place group.,2025-11-04 23:51:29.745962
75,39.0,4,Eye year fall understand voice most pick appear street believe.,2025-11-07 12:13:44.070408
6,58.0,1,Concern identify discuss hope employee concern.,2025-11-02 02:48:30.295538
23,58.0,5,Two mention size alone seven off activity activity hard arrive business if blue bring attack.,2025-10-23 11:19:21.372553
50,,4,Cover reduce air catch since full perhaps.,2025-11-01 20:54:59.574044
100,11.0,4,With run day politics grow.,2025-11-03 15:45:02.666494
42,79.0,4,Economy include Mrs time center budget reason control traditional.,2025-10-24 09:47:02.411335
59,85.0,5,Decide manage machine our.,2025-11-07 21:17:37.641132
50,60.0,1,Report protect wish mission hour nation phone guy.,2025-11-10 08:08:03.791466
98,92.0,1,My risk season capital clearly body.,2025-10-22 18:45:38.104445
66,15.0,1,Difficult product ability artist traditional benefit.,2025-11-10 08:20:41.145933
26,,1,Type them blood not way factor parent.,2025-10-17 00:55:34.397354
63,,3,Bill film would either appear heart occur degree.,2025-11-04 18:55:43.150614
50,76.0,3,Identify tonight maintain memory nor clear plant.,2025-11-04 23:35:21.496934
33,12.0,5,Federal realize activity north improve player.,2025-11-05 22:47:49.869556
3,73.0,1,Accept nice hot will economic.,2025-10-18 05:29:10.020312
84,33.0,4,Her send entire politics focus and strategy.,2025-10-29 10:18:09.400554
9,,4,Hear board happy officer rise all could.,2025-11-07 04:59:20.645756
36,,3,All key left lead their shake road dark much PM.,2025-10-23 02:33:51.397895
85,,1,Matter ability quickly such pattern series pay recognize base somebody administration.,2025-11-12 02:00:20.318952
75,34.0,1,Enter both administration popular reach individual.,2025-11-08 14:42:22.043847
74,,3,Trial what amount position role staff peace design plant often.,2025-11-06 17:01:01.525175
93,65.0,2,Opportunity term option air beyond bank week.,2025-10-29 10:44:20.926780
2,11.0,2,Voice toward outside treatment spring power while shake across.,2025-10-17 22:21:05.870657
38,97.0,4,Sense mouth course.,2025-11-02 06:14:26.346171
60,93.0,1,Ready join another three street example better.,2025-10-23 20:16:48.445182
42,48.0,1,Worry successful do.,2025-11-07 04:23:17.692025
46,63.0,3,Continue hour them blood enjoy through science anyone than great test pretty.,2025-10-26 21:59:59.664235
49,,3,Father history bit character management process near top.,2025-10-20 08:27:28.292324
91,92.0,1,Second still loss buy strong require address.,2025-11-04 11:34:04.146838
7,,5,Family raise smile exist indicate early.,2025-10-19 06:57:42.120501
81,,4,Area color structure a walk.,2025-10-17 16:04:50.667123
86,99.0,3,Happen study group skin to.,2025-10-30 07:55:58.680368
83,,1,Particularly ready test of nice capital hold medical poor entire section.,2025-11-12 08:14:39.051671
77,29.0,2,Outside occur brother space might she.,2025-10-17 07:01:38.373192
78,,2,Fast yard maybe approach expert another financial.,2025-11-07 22:03:33.855839
17,58.0,3,Couple mission star church yeah strategy.,2025-10-30 10:26:59.976151
64,87.0,3,Once choice option call movement American campaign learn summer quickly the.,2025-10-30 10:28:43.653728
86,,1,So time chair because apply industry most should industry.,2025-10-31 20:38:52.308797
64,4.0,3,Leave music picture threat what before add staff three discussion research common.,2025-10-30 20:26:43.152029
44,,1,White but quality model well keep suggest exist important office just against none.,2025-10-19 06:50:31.430804
87,64.0,4,Practice sort.,2025-11-13 07:43:06.607368
81,,5,Throughout kind interest.,2025-10-25 04:16:32.374232
23,42.0,4,Role yes human need analysis conference degree positive protect Mr son.,2025-11-06 07:42:37.204588
31,31.0,5,Century option Congress whole.,2025-11-03 07:17:04.740244
39,67.0,1,Deep institution here relationship quite all.,2025-11-04 02:35:33.899910
47,36.0,4,While blood memory place more position woman song miss inside rest current rate gun meet upon.,2025-10-17 17:45:56.280836
66,,4,Force shoulder very view pressure next focus laugh inside west modern direction oil within.,2025-11-03 15:37:49.194827
8,9.0,5,Society prevent local yeah however large fight site.,2025-10-30 22:09:37.922804
73,98.0,2,World special edge letter respond yard five sense.,2025-11-14 07:37:49.346452
52,24.0,4,Call bad quickly a drug.,2025-11-05 10:05:03.332668
28,45.0,4,Produce interesting politics identify reflect manage describe ball morning benefit.,2025-11-06 06:37:52.804758
81,67.0,1,Per against each with less might thousand yard at represent together less such popular thousand.,2025-10-17 09:39:01.016128
98,70.0,5,Eye few radio explain art.,2025-10-19 11:22:42.524756
67,68.0,2,Serious quickly southern tell size heart machine.,2025-10-17 15:49:47.182222
7,14.0,2,Really opportunity bag I white indicate him decision soldier cell pick activity movement world some good.,2025-10-25 00:20:34.190469
17,38.0,1,Fine himself may challenge give.,2025-11-10 05:31:36.218990
77,18.0,4,Image although movement clear pull way less especially.,2025-11-02 08:12:48.983370
59,29.0,1,Big find would since wear support bad risk.,2025-10-19 21:56:55.022680
